mol_id,source,target,smiles,hash_id,molecular_weight,logP,TPSA,HBD,HBA,rotatable_bonds,QED,lipinski_pass,lipinski_violations
LIB_000001,Generated_Large_Library,all,O=C(Nc1ccc(F)cc1)c1ccc(F)cc1,7333abfb,233.22,3.22,29.1,1,1,2,0.847,True,0
LIB_000002,Generated_Large_Library,all,O=C(Nc1ccc(Cl)cc1)c1ccc(F)cc1,f2945e3b,249.67,3.73,29.1,1,1,2,0.863,True,0
LIB_000003,Generated_Large_Library,all,O=C(Nc1ccc(Br)cc1)c1ccc(F)cc1,2ca72035,294.12,3.84,29.1,1,1,2,0.895,True,0
LIB_000004,Generated_Large_Library,all,O=C(Nc1ccc(C)cc1)c1ccc(F)cc1,f4f079f5,229.25,3.39,29.1,1,1,2,0.84,True,0
LIB_000005,Generated_Large_Library,all,O=C(Nc1ccc(CC)cc1)c1ccc(F)cc1,8ca24318,243.28,3.64,29.1,1,1,3,0.876,True,0
LIB_000006,Generated_Large_Library,all,O=C(Nc1ccc(C(C)C)cc1)c1ccc(F)cc1,3ddaac56,257.31,4.2,29.1,1,1,3,0.877,True,0
LIB_000007,Generated_Large_Library,all,O=C(Nc1ccc(OC)cc1)c1ccc(F)cc1,617949de,245.25,3.09,38.33,1,2,3,0.902,True,0
LIB_000008,Generated_Large_Library,all,O=C(Nc1ccc(OCC)cc1)c1ccc(F)cc1,4235aea6,259.28,3.48,38.33,1,2,4,0.912,True,0
LIB_000009,Generated_Large_Library,all,O=C(Nc1ccc(C#N)cc1)c1ccc(F)cc1,144d8f19,240.24,2.95,52.89,1,2,2,0.877,True,0
LIB_000010,Generated_Large_Library,all,O=C(Nc1ccc(C(F)(F)F)cc1)c1ccc(F)cc1,8e902d1f,283.22,4.1,29.1,1,1,2,0.826,True,0
LIB_000011,Generated_Large_Library,all,O=C(Nc1ccc(S(=O)(=O)N)cc1)c1ccc(F)cc1,a89b931c,294.31,1.73,89.26,2,3,3,0.903,True,0
LIB_000012,Generated_Large_Library,all,O=C(Nc1ccc(N)cc1)c1ccc(F)cc1,22e56111,230.24,2.66,55.12,2,2,2,0.779,True,0
LIB_000013,Generated_Large_Library,all,O=C(Nc1ccc(O)cc1)c1ccc(F)cc1,c1c064ea,231.23,2.78,49.33,2,2,2,0.781,True,0
LIB_000014,Generated_Large_Library,all,O=C(Nc1cc(F)c(Cl)cc1)c1ccc(F)cc1,45b5e03b,267.66,3.87,29.1,1,1,2,0.879,True,0
LIB_000015,Generated_Large_Library,all,O=C(Nc1cc(F)c(Br)cc1)c1ccc(F)cc1,faf7add3,312.11,3.98,29.1,1,1,2,0.893,True,0
LIB_000016,Generated_Large_Library,all,O=C(Nc1cc(F)c(C)cc1)c1ccc(F)cc1,66673a93,247.24,3.53,29.1,1,1,2,0.864,True,0
LIB_000017,Generated_Large_Library,all,O=C(Nc1cc(F)c(CC)cc1)c1ccc(F)cc1,bc5e3fca,261.27,3.78,29.1,1,1,3,0.895,True,0
LIB_000018,Generated_Large_Library,all,O=C(Nc1cc(F)c(C(C)C)cc1)c1ccc(F)cc1,83aeaf52,275.3,4.34,29.1,1,1,3,0.887,True,0
LIB_000019,Generated_Large_Library,all,O=C(Nc1cc(F)c(OC)cc1)c1ccc(F)cc1,9942faf3,263.24,3.23,38.33,1,2,3,0.923,True,0
LIB_000020,Generated_Large_Library,all,O=C(Nc1cc(F)c(OCC)cc1)c1ccc(F)cc1,ae642deb,277.27,3.62,38.33,1,2,4,0.927,True,0
LIB_000021,Generated_Large_Library,all,O=C(Nc1cc(Cl)c(Br)cc1)c1ccc(F)cc1,4f28861e,328.57,4.49,29.1,1,1,2,0.864,True,0
LIB_000022,Generated_Large_Library,all,O=C(Nc1cc(Cl)c(C)cc1)c1ccc(F)cc1,25b75f5b,263.7,4.04,29.1,1,1,2,0.87,True,0
LIB_000023,Generated_Large_Library,all,O=C(Nc1cc(Cl)c(CC)cc1)c1ccc(F)cc1,1ec2f72e,277.73,4.29,29.1,1,1,3,0.891,True,0
LIB_000024,Generated_Large_Library,all,O=C(Nc1cc(Cl)c(C(C)C)cc1)c1ccc(F)cc1,45d7c298,291.75,4.85,29.1,1,1,3,0.86,True,0
LIB_000025,Generated_Large_Library,all,O=C(Nc1cc(Cl)c(OC)cc1)c1ccc(F)cc1,a4946d75,279.7,3.74,38.33,1,2,3,0.929,True,0
LIB_000026,Generated_Large_Library,all,O=C(Nc1cc(Cl)c(OCC)cc1)c1ccc(F)cc1,92fe0ffd,293.73,4.13,38.33,1,2,4,0.92,True,0
LIB_000027,Generated_Large_Library,all,O=C(Nc1cc(Br)c(C)cc1)c1ccc(F)cc1,537e8656,308.15,4.15,29.1,1,1,2,0.887,True,0
LIB_000028,Generated_Large_Library,all,O=C(Nc1cc(Br)c(CC)cc1)c1ccc(F)cc1,acd845d5,322.18,4.4,29.1,1,1,3,0.891,True,0
LIB_000029,Generated_Large_Library,all,O=C(Nc1cc(Br)c(C(C)C)cc1)c1ccc(F)cc1,39219352,336.2,4.96,29.1,1,1,3,0.843,True,0
LIB_000030,Generated_Large_Library,all,O=C(Nc1cc(Br)c(OC)cc1)c1ccc(F)cc1,633a0036,324.15,3.85,38.33,1,2,3,0.931,True,0
LIB_000031,Generated_Large_Library,all,O=C(Nc1cc(Br)c(OCC)cc1)c1ccc(F)cc1,103ea36e,338.18,4.24,38.33,1,2,4,0.906,True,0
LIB_000032,Generated_Large_Library,all,O=C(Nc1cc(C)c(CC)cc1)c1ccc(F)cc1,438cea4b,257.31,3.95,29.1,1,1,3,0.886,True,0
LIB_000033,Generated_Large_Library,all,O=C(Nc1cc(C)c(C(C)C)cc1)c1ccc(F)cc1,57fb8bd4,271.33,4.51,29.1,1,1,3,0.874,True,0
LIB_000034,Generated_Large_Library,all,O=C(Nc1cc(C)c(OC)cc1)c1ccc(F)cc1,f87e20fb,259.28,3.4,38.33,1,2,3,0.917,True,0
LIB_000035,Generated_Large_Library,all,O=C(Nc1cc(C)c(OCC)cc1)c1ccc(F)cc1,f0159a0c,273.31,3.79,38.33,1,2,4,0.92,True,0
LIB_000036,Generated_Large_Library,all,O=C(Nc1cc(CC)c(C(C)C)cc1)c1ccc(F)cc1,29386c63,285.36,4.76,29.1,1,1,4,0.861,True,0
LIB_000037,Generated_Large_Library,all,O=C(Nc1cc(CC)c(OC)cc1)c1ccc(F)cc1,5427b216,273.31,3.65,38.33,1,2,4,0.923,True,0
LIB_000038,Generated_Large_Library,all,O=C(Nc1cc(CC)c(OCC)cc1)c1ccc(F)cc1,bb358ecf,287.33,4.04,38.33,1,2,5,0.901,True,0
LIB_000039,Generated_Large_Library,all,O=C(Nc1cc(C(C)C)c(OC)cc1)c1ccc(F)cc1,899c54e2,287.33,4.21,38.33,1,2,4,0.914,True,0
LIB_000040,Generated_Large_Library,all,O=C(Nc1cc(C(C)C)c(OCC)cc1)c1ccc(F)cc1,147e0e2b,301.36,4.6,38.33,1,2,5,0.876,True,0
LIB_000041,Generated_Large_Library,all,O=C(Nc1cc(OC)c(OCC)cc1)c1ccc(F)cc1,fc0a5097,289.31,3.49,47.56,1,3,5,0.916,True,0
LIB_000042,Generated_Large_Library,all,O=C(Nc1ccc(F)cc1)c1ccc(Cl)cc1,2376d048,249.67,3.73,29.1,1,1,2,0.863,True,0
LIB_000043,Generated_Large_Library,all,O=C(Nc1ccc(Cl)cc1)c1ccc(Cl)cc1,5f6399b9,266.13,4.25,29.1,1,1,2,0.865,True,0
LIB_000044,Generated_Large_Library,all,O=C(Nc1ccc(Br)cc1)c1ccc(Cl)cc1,e6e9546e,310.58,4.35,29.1,1,1,2,0.877,True,0
LIB_000045,Generated_Large_Library,all,O=C(Nc1ccc(C)cc1)c1ccc(Cl)cc1,a6ed74ef,245.71,3.9,29.1,1,1,2,0.854,True,0
LIB_000046,Generated_Large_Library,all,O=C(Nc1ccc(CC)cc1)c1ccc(Cl)cc1,31e04373,259.74,4.15,29.1,1,1,3,0.881,True,0
LIB_000047,Generated_Large_Library,all,O=C(Nc1ccc(C(C)C)cc1)c1ccc(Cl)cc1,7ce41414,273.76,4.72,29.1,1,1,3,0.862,True,0
LIB_000048,Generated_Large_Library,all,O=C(Nc1ccc(OC)cc1)c1ccc(Cl)cc1,5c186dc4,261.71,3.6,38.33,1,2,3,0.917,True,0
LIB_000049,Generated_Large_Library,all,O=C(Nc1ccc(OCC)cc1)c1ccc(Cl)cc1,0311097b,275.74,3.99,38.33,1,2,4,0.916,True,0
LIB_000050,Generated_Large_Library,all,O=C(Nc1ccc(C#N)cc1)c1ccc(Cl)cc1,7b2d4b6f,256.69,3.46,52.89,1,2,2,0.895,True,0
LIB_000051,Generated_Large_Library,all,O=C(Nc1ccc(C(F)(F)F)cc1)c1ccc(Cl)cc1,666998a1,299.68,4.61,29.1,1,1,2,0.862,True,0
LIB_000052,Generated_Large_Library,all,O=C(Nc1ccc(S(=O)(=O)N)cc1)c1ccc(Cl)cc1,b124bee1,310.76,2.24,89.26,2,3,3,0.911,True,0
LIB_000053,Generated_Large_Library,all,O=C(Nc1ccc(N)cc1)c1ccc(Cl)cc1,ed33b53c,246.7,3.17,55.12,2,2,2,0.8,True,0
LIB_000054,Generated_Large_Library,all,O=C(Nc1ccc(O)cc1)c1ccc(Cl)cc1,a9ec551a,247.68,3.3,49.33,2,2,2,0.8,True,0
LIB_000055,Generated_Large_Library,all,O=C(Nc1cc(F)c(Cl)cc1)c1ccc(Cl)cc1,dd47910c,284.12,4.38,29.1,1,1,2,0.87,True,0
LIB_000056,Generated_Large_Library,all,O=C(Nc1cc(F)c(Br)cc1)c1ccc(Cl)cc1,a4c61c5c,328.57,4.49,29.1,1,1,2,0.864,True,0
LIB_000057,Generated_Large_Library,all,O=C(Nc1cc(F)c(C)cc1)c1ccc(Cl)cc1,ddb409e1,263.7,4.04,29.1,1,1,2,0.87,True,0
LIB_000058,Generated_Large_Library,all,O=C(Nc1cc(F)c(CC)cc1)c1ccc(Cl)cc1,b892a45f,277.73,4.29,29.1,1,1,3,0.891,True,0
LIB_000059,Generated_Large_Library,all,O=C(Nc1cc(F)c(C(C)C)cc1)c1ccc(Cl)cc1,d689481c,291.75,4.85,29.1,1,1,3,0.86,True,0
LIB_000060,Generated_Large_Library,all,O=C(Nc1cc(F)c(OC)cc1)c1ccc(Cl)cc1,74e0f21d,279.7,3.74,38.33,1,2,3,0.929,True,0
LIB_000061,Generated_Large_Library,all,O=C(Nc1cc(F)c(OCC)cc1)c1ccc(Cl)cc1,b4023926,293.73,4.13,38.33,1,2,4,0.92,True,0
LIB_000062,Generated_Large_Library,all,O=C(Nc1cc(Cl)c(Br)cc1)c1ccc(Cl)cc1,705df511,345.02,5.01,29.1,1,1,2,0.815,False,1
LIB_000063,Generated_Large_Library,all,O=C(Nc1cc(Cl)c(C)cc1)c1ccc(Cl)cc1,d2af1c8b,280.15,4.55,29.1,1,1,2,0.858,True,0
LIB_000064,Generated_Large_Library,all,O=C(Nc1cc(Cl)c(CC)cc1)c1ccc(Cl)cc1,a3681ee7,294.18,4.81,29.1,1,1,3,0.865,True,0
LIB_000065,Generated_Large_Library,all,O=C(Nc1cc(Cl)c(C(C)C)cc1)c1ccc(Cl)cc1,68817033,308.21,5.37,29.1,1,1,3,0.811,False,1
LIB_000066,Generated_Large_Library,all,O=C(Nc1cc(Cl)c(OC)cc1)c1ccc(Cl)cc1,90fb5e9c,296.15,4.25,38.33,1,2,3,0.919,True,0
LIB_000067,Generated_Large_Library,all,O=C(Nc1cc(Cl)c(OCC)cc1)c1ccc(Cl)cc1,d4fd1966,310.18,4.64,38.33,1,2,4,0.893,True,0
LIB_000068,Generated_Large_Library,all,O=C(Nc1cc(Br)c(C)cc1)c1ccc(Cl)cc1,43ce5a24,324.61,4.66,29.1,1,1,2,0.855,True,0
LIB_000069,Generated_Large_Library,all,O=C(Nc1cc(Br)c(CC)cc1)c1ccc(Cl)cc1,88fa0abc,338.63,4.92,29.1,1,1,3,0.846,True,0
LIB_000070,Generated_Large_Library,all,O=C(Nc1cc(Br)c(C(C)C)cc1)c1ccc(Cl)cc1,df59abf9,352.66,5.48,29.1,1,1,3,0.779,False,1
LIB_000071,Generated_Large_Library,all,O=C(Nc1cc(Br)c(OC)cc1)c1ccc(Cl)cc1,dcdf82f2,340.6,4.36,38.33,1,2,3,0.901,True,0
LIB_000072,Generated_Large_Library,all,O=C(Nc1cc(Br)c(OCC)cc1)c1ccc(Cl)cc1,0c9f6fbc,354.63,4.75,38.33,1,2,4,0.86,True,0
LIB_000073,Generated_Large_Library,all,O=C(Nc1cc(C)c(CC)cc1)c1ccc(Cl)cc1,1e3cd96d,273.76,4.46,29.1,1,1,3,0.879,True,0
LIB_000074,Generated_Large_Library,all,O=C(Nc1cc(C)c(C(C)C)cc1)c1ccc(Cl)cc1,7618dc9f,287.79,5.02,29.1,1,1,3,0.843,False,1
LIB_000075,Generated_Large_Library,all,O=C(Nc1cc(C)c(OC)cc1)c1ccc(Cl)cc1,383ee9e0,275.74,3.91,38.33,1,2,3,0.922,True,0
LIB_000076,Generated_Large_Library,all,O=C(Nc1cc(C)c(OCC)cc1)c1ccc(Cl)cc1,e10822cb,289.76,4.3,38.33,1,2,4,0.911,True,0
LIB_000077,Generated_Large_Library,all,O=C(Nc1cc(CC)c(C(C)C)cc1)c1ccc(Cl)cc1,b08e1182,301.82,5.28,29.1,1,1,4,0.818,False,1
LIB_000078,Generated_Large_Library,all,O=C(Nc1cc(CC)c(OC)cc1)c1ccc(Cl)cc1,cbac2794,289.76,4.16,38.33,1,2,4,0.917,True,0
LIB_000079,Generated_Large_Library,all,O=C(Nc1cc(CC)c(OCC)cc1)c1ccc(Cl)cc1,e4fc716b,303.79,4.55,38.33,1,2,5,0.879,True,0
LIB_000080,Generated_Large_Library,all,O=C(Nc1cc(C(C)C)c(OC)cc1)c1ccc(Cl)cc1,4c684506,303.79,4.72,38.33,1,2,4,0.887,True,0
LIB_000081,Generated_Large_Library,all,O=C(Nc1cc(C(C)C)c(OCC)cc1)c1ccc(Cl)cc1,c9d03890,317.82,5.11,38.33,1,2,5,0.831,False,1
LIB_000082,Generated_Large_Library,all,O=C(Nc1cc(OC)c(OCC)cc1)c1ccc(Cl)cc1,82f4c7bc,305.76,4.0,47.56,1,3,5,0.908,True,0
LIB_000083,Generated_Large_Library,all,O=C(Nc1ccc(F)cc1)c1ccc(Br)cc1,ddbdba2a,294.12,3.84,29.1,1,1,2,0.895,True,0
LIB_000084,Generated_Large_Library,all,O=C(Nc1ccc(Cl)cc1)c1ccc(Br)cc1,05e1f08e,310.58,4.35,29.1,1,1,2,0.877,True,0
LIB_000085,Generated_Large_Library,all,O=C(Nc1ccc(Br)cc1)c1ccc(Br)cc1,8673aa0a,355.03,4.46,29.1,1,1,2,0.847,True,0
LIB_000086,Generated_Large_Library,all,O=C(Nc1ccc(C)cc1)c1ccc(Br)cc1,6c849d50,290.16,4.01,29.1,1,1,2,0.889,True,0
LIB_000087,Generated_Large_Library,all,O=C(Nc1ccc(CC)cc1)c1ccc(Br)cc1,b92b06b5,304.19,4.26,29.1,1,1,3,0.901,True,0
LIB_000088,Generated_Large_Library,all,O=C(Nc1ccc(C(C)C)cc1)c1ccc(Br)cc1,705ed012,318.21,4.82,29.1,1,1,3,0.863,True,0
LIB_000089,Generated_Large_Library,all,O=C(Nc1ccc(OC)cc1)c1ccc(Br)cc1,2c9bd380,306.16,3.71,38.33,1,2,3,0.939,True,0
LIB_000090,Generated_Large_Library,all,O=C(Nc1ccc(OCC)cc1)c1ccc(Br)cc1,84fcf582,320.19,4.1,38.33,1,2,4,0.921,True,0
LIB_000091,Generated_Large_Library,all,O=C(Nc1ccc(C#N)cc1)c1ccc(Br)cc1,16b0a550,301.14,3.57,52.89,1,2,2,0.922,True,0
LIB_000092,Generated_Large_Library,all,O=C(Nc1ccc(C(F)(F)F)cc1)c1ccc(Br)cc1,6e97bee0,344.13,4.72,29.1,1,1,2,0.839,True,0
LIB_000093,Generated_Large_Library,all,O=C(Nc1ccc(S(=O)(=O)N)cc1)c1ccc(Br)cc1,fb26d51e,355.21,2.35,89.26,2,3,3,0.886,True,0
LIB_000094,Generated_Large_Library,all,O=C(Nc1ccc(N)cc1)c1ccc(Br)cc1,2171af75,291.15,3.28,55.12,2,2,2,0.834,True,0
LIB_000095,Generated_Large_Library,all,O=C(Nc1ccc(O)cc1)c1ccc(Br)cc1,ca724497,292.13,3.41,49.33,2,2,2,0.833,True,0
LIB_000096,Generated_Large_Library,all,O=C(Nc1cc(F)c(Cl)cc1)c1ccc(Br)cc1,9765559a,328.57,4.49,29.1,1,1,2,0.864,True,0
LIB_000097,Generated_Large_Library,all,O=C(Nc1cc(F)c(Br)cc1)c1ccc(Br)cc1,a6f81f79,373.02,4.6,29.1,1,1,2,0.819,True,0
LIB_000098,Generated_Large_Library,all,O=C(Nc1cc(F)c(C)cc1)c1ccc(Br)cc1,35f43562,308.15,4.15,29.1,1,1,2,0.887,True,0
LIB_000099,Generated_Large_Library,all,O=C(Nc1cc(F)c(CC)cc1)c1ccc(Br)cc1,15793b5f,322.18,4.4,29.1,1,1,3,0.891,True,0
LIB_000100,Generated_Large_Library,all,O=C(Nc1cc(F)c(C(C)C)cc1)c1ccc(Br)cc1,ea4909e8,336.2,4.96,29.1,1,1,3,0.843,True,0
LIB_000101,Generated_Large_Library,all,O=C(Nc1cc(F)c(OC)cc1)c1ccc(Br)cc1,438bfc40,324.15,3.85,38.33,1,2,3,0.931,True,0
LIB_000102,Generated_Large_Library,all,O=C(Nc1cc(F)c(OCC)cc1)c1ccc(Br)cc1,7378b276,338.18,4.24,38.33,1,2,4,0.906,True,0
LIB_000103,Generated_Large_Library,all,O=C(Nc1cc(Cl)c(Br)cc1)c1ccc(Br)cc1,eb6b959d,389.47,5.12,29.1,1,1,2,0.759,False,1
LIB_000104,Generated_Large_Library,all,O=C(Nc1cc(Cl)c(C)cc1)c1ccc(Br)cc1,2aad8c68,324.61,4.66,29.1,1,1,2,0.855,True,0
LIB_000105,Generated_Large_Library,all,O=C(Nc1cc(Cl)c(CC)cc1)c1ccc(Br)cc1,d6395050,338.63,4.92,29.1,1,1,3,0.846,True,0
LIB_000106,Generated_Large_Library,all,O=C(Nc1cc(Cl)c(C(C)C)cc1)c1ccc(Br)cc1,635b25aa,352.66,5.48,29.1,1,1,3,0.779,False,1
LIB_000107,Generated_Large_Library,all,O=C(Nc1cc(Cl)c(OC)cc1)c1ccc(Br)cc1,37c0da74,340.6,4.36,38.33,1,2,3,0.901,True,0
LIB_000108,Generated_Large_Library,all,O=C(Nc1cc(Cl)c(OCC)cc1)c1ccc(Br)cc1,a81c3e71,354.63,4.75,38.33,1,2,4,0.86,True,0
LIB_000109,Generated_Large_Library,all,O=C(Nc1cc(Br)c(C)cc1)c1ccc(Br)cc1,0d04c40c,369.06,4.77,29.1,1,1,2,0.812,True,0
LIB_000110,Generated_Large_Library,all,O=C(Nc1cc(Br)c(CC)cc1)c1ccc(Br)cc1,9db50574,383.08,5.03,29.1,1,1,3,0.792,False,1
LIB_000111,Generated_Large_Library,all,O=C(Nc1cc(Br)c(C(C)C)cc1)c1ccc(Br)cc1,8c7a2e9c,397.11,5.59,29.1,1,1,3,0.719,False,1
LIB_000112,Generated_Large_Library,all,O=C(Nc1cc(Br)c(OC)cc1)c1ccc(Br)cc1,4448854c,385.06,4.47,38.33,1,2,3,0.847,True,0
LIB_000113,Generated_Large_Library,all,O=C(Nc1cc(Br)c(OCC)cc1)c1ccc(Br)cc1,b41c4a25,399.08,4.86,38.33,1,2,4,0.798,True,0
LIB_000114,Generated_Large_Library,all,O=C(Nc1cc(C)c(CC)cc1)c1ccc(Br)cc1,9a8e2deb,318.21,4.57,29.1,1,1,3,0.882,True,0
LIB_000115,Generated_Large_Library,all,O=C(Nc1cc(C)c(C(C)C)cc1)c1ccc(Br)cc1,171c6bf6,332.24,5.13,29.1,1,1,3,0.829,False,1
LIB_000116,Generated_Large_Library,all,O=C(Nc1cc(C)c(OC)cc1)c1ccc(Br)cc1,324f35a2,320.19,4.02,38.33,1,2,3,0.928,True,0
LIB_000117,Generated_Large_Library,all,O=C(Nc1cc(C)c(OCC)cc1)c1ccc(Br)cc1,b615f3fc,334.21,4.41,38.33,1,2,4,0.899,True,0
LIB_000118,Generated_Large_Library,all,O=C(Nc1cc(CC)c(C(C)C)cc1)c1ccc(Br)cc1,21c4a712,346.27,5.39,29.1,1,1,4,0.79,False,1
LIB_000119,Generated_Large_Library,all,O=C(Nc1cc(CC)c(OC)cc1)c1ccc(Br)cc1,12273d62,334.21,4.27,38.33,1,2,4,0.907,True,0
LIB_000120,Generated_Large_Library,all,O=C(Nc1cc(CC)c(OCC)cc1)c1ccc(Br)cc1,1e7172cb,348.24,4.66,38.33,1,2,5,0.853,True,0
LIB_000121,Generated_Large_Library,all,O=C(Nc1cc(C(C)C)c(OC)cc1)c1ccc(Br)cc1,f6728307,348.24,4.83,38.33,1,2,4,0.859,True,0
LIB_000122,Generated_Large_Library,all,O=C(Nc1cc(C(C)C)c(OCC)cc1)c1ccc(Br)cc1,edff4659,362.27,5.22,38.33,1,2,5,0.792,False,1
LIB_000123,Generated_Large_Library,all,O=C(Nc1cc(OC)c(OCC)cc1)c1ccc(Br)cc1,140d86dd,350.21,4.11,47.56,1,3,5,0.883,True,0
LIB_000124,Generated_Large_Library,all,O=C(Nc1ccc(F)cc1)c1ccc(C)cc1,b927f305,229.25,3.39,29.1,1,1,2,0.84,True,0
LIB_000125,Generated_Large_Library,all,O=C(Nc1ccc(Cl)cc1)c1ccc(C)cc1,aa71083e,245.71,3.9,29.1,1,1,2,0.854,True,0
LIB_000126,Generated_Large_Library,all,O=C(Nc1ccc(Br)cc1)c1ccc(C)cc1,a43d049b,290.16,4.01,29.1,1,1,2,0.889,True,0
LIB_000127,Generated_Large_Library,all,O=C(Nc1ccc(C)cc1)c1ccc(C)cc1,63367101,225.29,3.56,29.1,1,1,2,0.832,True,0
LIB_000128,Generated_Large_Library,all,O=C(Nc1ccc(CC)cc1)c1ccc(C)cc1,3cb2e970,239.32,3.81,29.1,1,1,3,0.867,True,0
LIB_000129,Generated_Large_Library,all,O=C(Nc1ccc(C(C)C)cc1)c1ccc(C)cc1,26f3c04e,253.34,4.37,29.1,1,1,3,0.864,True,0
LIB_000130,Generated_Large_Library,all,O=C(Nc1ccc(OC)cc1)c1ccc(C)cc1,fc07f350,241.29,3.26,38.33,1,2,3,0.895,True,0
LIB_000131,Generated_Large_Library,all,O=C(Nc1ccc(OCC)cc1)c1ccc(C)cc1,48fe497b,255.32,3.65,38.33,1,2,4,0.905,True,0
LIB_000132,Generated_Large_Library,all,O=C(Nc1ccc(C#N)cc1)c1ccc(C)cc1,a64ce056,236.27,3.12,52.89,1,2,2,0.87,True,0
LIB_000133,Generated_Large_Library,all,O=C(Nc1ccc(C(F)(F)F)cc1)c1ccc(C)cc1,10d61fb5,279.26,4.27,29.1,1,1,2,0.874,True,0
LIB_000134,Generated_Large_Library,all,O=C(Nc1ccc(S(=O)(=O)N)cc1)c1ccc(C)cc1,98cb0d09,290.34,1.89,89.26,2,3,3,0.904,True,0
LIB_000135,Generated_Large_Library,all,O=C(Nc1ccc(N)cc1)c1ccc(C)cc1,fb247bfd,226.28,2.83,55.12,2,2,2,0.773,True,0
LIB_000136,Generated_Large_Library,all,O=C(Nc1ccc(O)cc1)c1ccc(C)cc1,5251e2f3,227.26,2.95,49.33,2,2,2,0.775,True,0
LIB_000137,Generated_Large_Library,all,O=C(Nc1cc(F)c(Cl)cc1)c1ccc(C)cc1,7d9967c1,263.7,4.04,29.1,1,1,2,0.87,True,0
LIB_000138,Generated_Large_Library,all,O=C(Nc1cc(F)c(Br)cc1)c1ccc(C)cc1,d69c872a,308.15,4.15,29.1,1,1,2,0.887,True,0
LIB_000139,Generated_Large_Library,all,O=C(Nc1cc(F)c(C)cc1)c1ccc(C)cc1,30ae1216,243.28,3.69,29.1,1,1,2,0.856,True,0
LIB_000140,Generated_Large_Library,all,O=C(Nc1cc(F)c(CC)cc1)c1ccc(C)cc1,f3dd3fd1,257.31,3.95,29.1,1,1,3,0.886,True,0
LIB_000141,Generated_Large_Library,all,O=C(Nc1cc(F)c(C(C)C)cc1)c1ccc(C)cc1,33b08872,271.33,4.51,29.1,1,1,3,0.874,True,0
LIB_000142,Generated_Large_Library,all,O=C(Nc1cc(F)c(OC)cc1)c1ccc(C)cc1,ec55d04a,259.28,3.4,38.33,1,2,3,0.917,True,0
LIB_000143,Generated_Large_Library,all,O=C(Nc1cc(F)c(OCC)cc1)c1ccc(C)cc1,31591c26,273.31,3.79,38.33,1,2,4,0.92,True,0
LIB_000144,Generated_Large_Library,all,O=C(Nc1cc(Cl)c(Br)cc1)c1ccc(C)cc1,9102ebab,324.61,4.66,29.1,1,1,2,0.855,True,0
LIB_000145,Generated_Large_Library,all,O=C(Nc1cc(Cl)c(C)cc1)c1ccc(C)cc1,d2c05278,259.74,4.21,29.1,1,1,2,0.86,True,0
LIB_000146,Generated_Large_Library,all,O=C(Nc1cc(Cl)c(CC)cc1)c1ccc(C)cc1,5fa7bc0c,273.76,4.46,29.1,1,1,3,0.879,True,0
LIB_000147,Generated_Large_Library,all,O=C(Nc1cc(Cl)c(C(C)C)cc1)c1ccc(C)cc1,8f4fb1bb,287.79,5.02,29.1,1,1,3,0.843,False,1
LIB_000148,Generated_Large_Library,all,O=C(Nc1cc(Cl)c(OC)cc1)c1ccc(C)cc1,9eb228cc,275.74,3.91,38.33,1,2,3,0.922,True,0
LIB_000149,Generated_Large_Library,all,O=C(Nc1cc(Cl)c(OCC)cc1)c1ccc(C)cc1,62fd29cf,289.76,4.3,38.33,1,2,4,0.911,True,0
LIB_000150,Generated_Large_Library,all,O=C(Nc1cc(Br)c(C)cc1)c1ccc(C)cc1,21e9e42c,304.19,4.32,29.1,1,1,2,0.879,True,0
LIB_000151,Generated_Large_Library,all,O=C(Nc1cc(Br)c(CC)cc1)c1ccc(C)cc1,cb5918f4,318.21,4.57,29.1,1,1,3,0.882,True,0
LIB_000152,Generated_Large_Library,all,O=C(Nc1cc(Br)c(C(C)C)cc1)c1ccc(C)cc1,da6e2971,332.24,5.13,29.1,1,1,3,0.829,False,1
LIB_000153,Generated_Large_Library,all,O=C(Nc1cc(Br)c(OC)cc1)c1ccc(C)cc1,a8c53d5a,320.19,4.02,38.33,1,2,3,0.928,True,0
LIB_000154,Generated_Large_Library,all,O=C(Nc1cc(Br)c(OCC)cc1)c1ccc(C)cc1,844a2741,334.21,4.41,38.33,1,2,4,0.899,True,0
LIB_000155,Generated_Large_Library,all,O=C(Nc1cc(C)c(CC)cc1)c1ccc(C)cc1,c1a17e18,253.34,4.12,29.1,1,1,3,0.876,True,0
LIB_000156,Generated_Large_Library,all,O=C(Nc1cc(C)c(C(C)C)cc1)c1ccc(C)cc1,dec02c0f,267.37,4.68,29.1,1,1,3,0.859,True,0
LIB_000157,Generated_Large_Library,all,O=C(Nc1cc(C)c(OC)cc1)c1ccc(C)cc1,c7f098aa,255.32,3.56,38.33,1,2,3,0.91,True,0
LIB_000158,Generated_Large_Library,all,O=C(Nc1cc(C)c(OCC)cc1)c1ccc(C)cc1,e7cdd467,269.34,3.95,38.33,1,2,4,0.912,True,0
LIB_000159,Generated_Large_Library,all,O=C(Nc1cc(CC)c(C(C)C)cc1)c1ccc(C)cc1,5f28eeea,281.4,4.93,29.1,1,1,4,0.845,True,0
LIB_000160,Generated_Large_Library,all,O=C(Nc1cc(CC)c(OC)cc1)c1ccc(C)cc1,0ed4c0c9,269.34,3.82,38.33,1,2,4,0.916,True,0
LIB_000161,Generated_Large_Library,all,O=C(Nc1cc(CC)c(OCC)cc1)c1ccc(C)cc1,0fe0e7f2,283.37,4.21,38.33,1,2,5,0.892,True,0
LIB_000162,Generated_Large_Library,all,O=C(Nc1cc(C(C)C)c(OC)cc1)c1ccc(C)cc1,a6338b15,283.37,4.38,38.33,1,2,4,0.904,True,0
LIB_000163,Generated_Large_Library,all,O=C(Nc1cc(C(C)C)c(OCC)cc1)c1ccc(C)cc1,efce1fae,297.4,4.77,38.33,1,2,5,0.863,True,0
LIB_000164,Generated_Large_Library,all,O=C(Nc1cc(OC)c(OCC)cc1)c1ccc(C)cc1,0d740227,285.34,3.65,47.56,1,3,5,0.912,True,0
LIB_000165,Generated_Large_Library,all,O=C(Nc1ccc(F)cc1)c1ccc(CC)cc1,7cec0460,243.28,3.64,29.1,1,1,3,0.876,True,0
LIB_000166,Generated_Large_Library,all,O=C(Nc1ccc(Cl)cc1)c1ccc(CC)cc1,fa9faffe,259.74,4.15,29.1,1,1,3,0.881,True,0
LIB_000167,Generated_Large_Library,all,O=C(Nc1ccc(Br)cc1)c1ccc(CC)cc1,ec5bd4c4,304.19,4.26,29.1,1,1,3,0.901,True,0
LIB_000168,Generated_Large_Library,all,O=C(Nc1ccc(C)cc1)c1ccc(CC)cc1,5389e923,239.32,3.81,29.1,1,1,3,0.867,True,0
LIB_000169,Generated_Large_Library,all,O=C(Nc1ccc(CC)cc1)c1ccc(CC)cc1,b8cd848b,253.34,4.06,29.1,1,1,4,0.874,True,0
LIB_000170,Generated_Large_Library,all,O=C(Nc1ccc(C(C)C)cc1)c1ccc(CC)cc1,cf7d86ee,267.37,4.62,29.1,1,1,4,0.86,True,0
LIB_000171,Generated_Large_Library,all,O=C(Nc1ccc(OC)cc1)c1ccc(CC)cc1,b1dd488d,255.32,3.51,38.33,1,2,4,0.908,True,0
LIB_000172,Generated_Large_Library,all,O=C(Nc1ccc(OCC)cc1)c1ccc(CC)cc1,8959436b,269.34,3.9,38.33,1,2,5,0.894,True,0
LIB_000173,Generated_Large_Library,all,O=C(Nc1ccc(C#N)cc1)c1ccc(CC)cc1,a8273f12,250.3,3.37,52.89,1,2,3,0.908,True,0
LIB_000174,Generated_Large_Library,all,O=C(Nc1ccc(C(F)(F)F)cc1)c1ccc(CC)cc1,05201f69,293.29,4.52,29.1,1,1,3,0.885,True,0
LIB_000175,Generated_Large_Library,all,O=C(Nc1ccc(S(=O)(=O)N)cc1)c1ccc(CC)cc1,3d9fedfd,304.37,2.15,89.26,2,3,4,0.907,True,0
LIB_000176,Generated_Large_Library,all,O=C(Nc1ccc(N)cc1)c1ccc(CC)cc1,b722f6b7,240.31,3.08,55.12,2,2,3,0.81,True,0
LIB_000177,Generated_Large_Library,all,O=C(Nc1ccc(O)cc1)c1ccc(CC)cc1,e3c8cbcb,241.29,3.21,49.33,2,2,3,0.811,True,0
LIB_000178,Generated_Large_Library,all,O=C(Nc1cc(F)c(Cl)cc1)c1ccc(CC)cc1,de6c3739,277.73,4.29,29.1,1,1,3,0.891,True,0
LIB_000179,Generated_Large_Library,all,O=C(Nc1cc(F)c(Br)cc1)c1ccc(CC)cc1,36ebfc4f,322.18,4.4,29.1,1,1,3,0.891,True,0
LIB_000180,Generated_Large_Library,all,O=C(Nc1cc(F)c(C)cc1)c1ccc(CC)cc1,66922e04,257.31,3.95,29.1,1,1,3,0.886,True,0
LIB_000181,Generated_Large_Library,all,O=C(Nc1cc(F)c(CC)cc1)c1ccc(CC)cc1,cf708a97,271.33,4.2,29.1,1,1,4,0.887,True,0
LIB_000182,Generated_Large_Library,all,O=C(Nc1cc(F)c(C(C)C)cc1)c1ccc(CC)cc1,d8513f6c,285.36,4.76,29.1,1,1,4,0.861,True,0
LIB_000183,Generated_Large_Library,all,O=C(Nc1cc(F)c(OC)cc1)c1ccc(CC)cc1,57775079,273.31,3.65,38.33,1,2,4,0.923,True,0
LIB_000184,Generated_Large_Library,all,O=C(Nc1cc(F)c(OCC)cc1)c1ccc(CC)cc1,78d95acd,287.33,4.04,38.33,1,2,5,0.901,True,0
LIB_000185,Generated_Large_Library,all,O=C(Nc1cc(Cl)c(Br)cc1)c1ccc(CC)cc1,e3370b08,338.63,4.92,29.1,1,1,3,0.846,True,0
LIB_000186,Generated_Large_Library,all,O=C(Nc1cc(Cl)c(C)cc1)c1ccc(CC)cc1,f1fa75f4,273.76,4.46,29.1,1,1,3,0.879,True,0
LIB_000187,Generated_Large_Library,all,O=C(Nc1cc(Cl)c(CC)cc1)c1ccc(CC)cc1,ed02022d,287.79,4.72,29.1,1,1,4,0.866,True,0
LIB_000188,Generated_Large_Library,all,O=C(Nc1cc(Cl)c(C(C)C)cc1)c1ccc(CC)cc1,b0a30a08,301.82,5.28,29.1,1,1,4,0.818,False,1
LIB_000189,Generated_Large_Library,all,O=C(Nc1cc(Cl)c(OC)cc1)c1ccc(CC)cc1,bf534dd5,289.76,4.16,38.33,1,2,4,0.917,True,0
LIB_000190,Generated_Large_Library,all,O=C(Nc1cc(Cl)c(OCC)cc1)c1ccc(CC)cc1,784b520a,303.79,4.55,38.33,1,2,5,0.879,True,0
LIB_000191,Generated_Large_Library,all,O=C(Nc1cc(Br)c(C)cc1)c1ccc(CC)cc1,41130fe9,318.21,4.57,29.1,1,1,3,0.882,True,0
LIB_000192,Generated_Large_Library,all,O=C(Nc1cc(Br)c(CC)cc1)c1ccc(CC)cc1,1fe4b39c,332.24,4.83,29.1,1,1,4,0.854,True,0
LIB_000193,Generated_Large_Library,all,O=C(Nc1cc(Br)c(C(C)C)cc1)c1ccc(CC)cc1,ef08301e,346.27,5.39,29.1,1,1,4,0.79,False,1
LIB_000194,Generated_Large_Library,all,O=C(Nc1cc(Br)c(OC)cc1)c1ccc(CC)cc1,8dd0d1d7,334.21,4.27,38.33,1,2,4,0.907,True,0
LIB_000195,Generated_Large_Library,all,O=C(Nc1cc(Br)c(OCC)cc1)c1ccc(CC)cc1,743212d7,348.24,4.66,38.33,1,2,5,0.853,True,0
LIB_000196,Generated_Large_Library,all,O=C(Nc1cc(C)c(CC)cc1)c1ccc(CC)cc1,e884519b,267.37,4.37,29.1,1,1,4,0.875,True,0
LIB_000197,Generated_Large_Library,all,O=C(Nc1cc(C)c(C(C)C)cc1)c1ccc(CC)cc1,29e6f6ca,281.4,4.93,29.1,1,1,4,0.845,True,0
LIB_000198,Generated_Large_Library,all,O=C(Nc1cc(C)c(OC)cc1)c1ccc(CC)cc1,fcc2168b,269.34,3.82,38.33,1,2,4,0.916,True,0
LIB_000199,Generated_Large_Library,all,O=C(Nc1cc(C)c(OCC)cc1)c1ccc(CC)cc1,e030aead,283.37,4.21,38.33,1,2,5,0.892,True,0
LIB_000200,Generated_Large_Library,all,O=C(Nc1cc(CC)c(C(C)C)cc1)c1ccc(CC)cc1,4fb44867,295.43,5.19,29.1,1,1,5,0.808,False,1
LIB_000201,Generated_Large_Library,all,O=C(Nc1cc(CC)c(OC)cc1)c1ccc(CC)cc1,edbd6f1f,283.37,4.07,38.33,1,2,5,0.898,True,0
LIB_000202,Generated_Large_Library,all,O=C(Nc1cc(CC)c(OCC)cc1)c1ccc(CC)cc1,3956c24c,297.4,4.46,38.33,1,2,6,0.854,True,0
LIB_000203,Generated_Large_Library,all,O=C(Nc1cc(C(C)C)c(OC)cc1)c1ccc(CC)cc1,158f6110,297.4,4.63,38.33,1,2,5,0.873,True,0
LIB_000204,Generated_Large_Library,all,O=C(Nc1cc(C(C)C)c(OCC)cc1)c1ccc(CC)cc1,2550b3d0,311.43,5.02,38.33,1,2,6,0.813,False,1
LIB_000205,Generated_Large_Library,all,O=C(Nc1cc(OC)c(OCC)cc1)c1ccc(CC)cc1,00618f0e,299.37,3.91,47.56,1,3,6,0.879,True,0
LIB_000206,Generated_Large_Library,all,O=C(Nc1ccc(F)cc1)c1ccc(C(C)C)cc1,88076cf2,257.31,4.2,29.1,1,1,3,0.877,True,0
LIB_000207,Generated_Large_Library,all,O=C(Nc1ccc(Cl)cc1)c1ccc(C(C)C)cc1,203f193e,273.76,4.72,29.1,1,1,3,0.862,True,0
LIB_000208,Generated_Large_Library,all,O=C(Nc1ccc(Br)cc1)c1ccc(C(C)C)cc1,1fe6bfea,318.21,4.82,29.1,1,1,3,0.863,True,0
LIB_000209,Generated_Large_Library,all,O=C(Nc1ccc(C)cc1)c1ccc(C(C)C)cc1,d620b706,253.34,4.37,29.1,1,1,3,0.864,True,0
LIB_000210,Generated_Large_Library,all,O=C(Nc1ccc(CC)cc1)c1ccc(C(C)C)cc1,6206eecd,267.37,4.62,29.1,1,1,4,0.86,True,0
LIB_000211,Generated_Large_Library,all,O=C(Nc1ccc(C(C)C)cc1)c1ccc(C(C)C)cc1,10ab8e5a,281.4,5.19,29.1,1,1,4,0.821,False,1
LIB_000212,Generated_Large_Library,all,O=C(Nc1ccc(OC)cc1)c1ccc(C(C)C)cc1,27a4116e,269.34,4.07,38.33,1,2,4,0.908,True,0
LIB_000213,Generated_Large_Library,all,O=C(Nc1ccc(OCC)cc1)c1ccc(C(C)C)cc1,501b9f42,283.37,4.46,38.33,1,2,5,0.879,True,0
LIB_000214,Generated_Large_Library,all,O=C(Nc1ccc(C#N)cc1)c1ccc(C(C)C)cc1,3ba17c71,264.33,3.93,52.89,1,2,3,0.913,True,0
LIB_000215,Generated_Large_Library,all,O=C(Nc1ccc(C(F)(F)F)cc1)c1ccc(C(C)C)cc1,c2543429,307.32,5.08,29.1,1,1,3,0.841,False,1
LIB_000216,Generated_Large_Library,all,O=C(Nc1ccc(S(=O)(=O)N)cc1)c1ccc(C(C)C)cc1,e034e232,318.4,2.71,89.26,2,3,4,0.908,True,0
LIB_000217,Generated_Large_Library,all,O=C(Nc1ccc(N)cc1)c1ccc(C(C)C)cc1,eecbca2a,254.33,3.64,55.12,2,2,3,0.821,True,0
LIB_000218,Generated_Large_Library,all,O=C(Nc1ccc(O)cc1)c1ccc(C(C)C)cc1,827bc61e,255.32,3.77,49.33,2,2,3,0.82,True,0
LIB_000219,Generated_Large_Library,all,O=C(Nc1cc(F)c(Cl)cc1)c1ccc(C(C)C)cc1,cccf16a3,291.75,4.85,29.1,1,1,3,0.86,True,0
LIB_000220,Generated_Large_Library,all,O=C(Nc1cc(F)c(Br)cc1)c1ccc(C(C)C)cc1,221f3e29,336.2,4.96,29.1,1,1,3,0.843,True,0
LIB_000221,Generated_Large_Library,all,O=C(Nc1cc(F)c(C)cc1)c1ccc(C(C)C)cc1,dcc17999,271.33,4.51,29.1,1,1,3,0.874,True,0
LIB_000222,Generated_Large_Library,all,O=C(Nc1cc(F)c(CC)cc1)c1ccc(C(C)C)cc1,2dacfce5,285.36,4.76,29.1,1,1,4,0.861,True,0
LIB_000223,Generated_Large_Library,all,O=C(Nc1cc(F)c(C(C)C)cc1)c1ccc(C(C)C)cc1,160c7070,299.39,5.32,29.1,1,1,4,0.812,False,1
LIB_000224,Generated_Large_Library,all,O=C(Nc1cc(F)c(OC)cc1)c1ccc(C(C)C)cc1,fcab01ce,287.33,4.21,38.33,1,2,4,0.914,True,0
LIB_000225,Generated_Large_Library,all,O=C(Nc1cc(F)c(OCC)cc1)c1ccc(C(C)C)cc1,36ecfdd8,301.36,4.6,38.33,1,2,5,0.876,True,0
LIB_000226,Generated_Large_Library,all,O=C(Nc1cc(Cl)c(Br)cc1)c1ccc(C(C)C)cc1,f14b6a77,352.66,5.48,29.1,1,1,3,0.779,False,1
LIB_000227,Generated_Large_Library,all,O=C(Nc1cc(Cl)c(C)cc1)c1ccc(C(C)C)cc1,683e1f10,287.79,5.02,29.1,1,1,3,0.843,False,1
LIB_000228,Generated_Large_Library,all,O=C(Nc1cc(Cl)c(CC)cc1)c1ccc(C(C)C)cc1,0bcf3b01,301.82,5.28,29.1,1,1,4,0.818,False,1
LIB_000229,Generated_Large_Library,all,O=C(Nc1cc(Cl)c(C(C)C)cc1)c1ccc(C(C)C)cc1,fda28eda,315.84,5.84,29.1,1,1,4,0.754,False,1
LIB_000230,Generated_Large_Library,all,O=C(Nc1cc(Cl)c(OC)cc1)c1ccc(C(C)C)cc1,bb20a9c9,303.79,4.72,38.33,1,2,4,0.887,True,0
LIB_000231,Generated_Large_Library,all,O=C(Nc1cc(Cl)c(OCC)cc1)c1ccc(C(C)C)cc1,3d9e6a9c,317.82,5.11,38.33,1,2,5,0.831,False,1
LIB_000232,Generated_Large_Library,all,O=C(Nc1cc(Br)c(C)cc1)c1ccc(C(C)C)cc1,7dcac529,332.24,5.13,29.1,1,1,3,0.829,False,1
LIB_000233,Generated_Large_Library,all,O=C(Nc1cc(Br)c(CC)cc1)c1ccc(C(C)C)cc1,8e8dbf98,346.27,5.39,29.1,1,1,4,0.79,False,1
LIB_000234,Generated_Large_Library,all,O=C(Nc1cc(Br)c(C(C)C)cc1)c1ccc(C(C)C)cc1,f474470b,360.3,5.95,29.1,1,1,4,0.717,False,1
LIB_000235,Generated_Large_Library,all,O=C(Nc1cc(Br)c(OC)cc1)c1ccc(C(C)C)cc1,836c8fe1,348.24,4.83,38.33,1,2,4,0.859,True,0
LIB_000236,Generated_Large_Library,all,O=C(Nc1cc(Br)c(OCC)cc1)c1ccc(C(C)C)cc1,3d002806,362.27,5.22,38.33,1,2,5,0.792,False,1
LIB_000237,Generated_Large_Library,all,O=C(Nc1cc(C)c(CC)cc1)c1ccc(C(C)C)cc1,1abcf084,281.4,4.93,29.1,1,1,4,0.845,True,0
LIB_000238,Generated_Large_Library,all,O=C(Nc1cc(C)c(C(C)C)cc1)c1ccc(C(C)C)cc1,868658d8,295.43,5.49,29.1,1,1,4,0.793,False,1
LIB_000239,Generated_Large_Library,all,O=C(Nc1cc(C)c(OC)cc1)c1ccc(C(C)C)cc1,8aa02e5a,283.37,4.38,38.33,1,2,4,0.904,True,0
LIB_000240,Generated_Large_Library,all,O=C(Nc1cc(C)c(OCC)cc1)c1ccc(C(C)C)cc1,d2090582,297.4,4.77,38.33,1,2,5,0.863,True,0
LIB_000241,Generated_Large_Library,all,O=C(Nc1cc(CC)c(C(C)C)cc1)c1ccc(C(C)C)cc1,bafd0cca,309.45,5.75,29.1,1,1,5,0.748,False,1
LIB_000242,Generated_Large_Library,all,O=C(Nc1cc(CC)c(OC)cc1)c1ccc(C(C)C)cc1,131834f7,297.4,4.63,38.33,1,2,5,0.873,True,0
LIB_000243,Generated_Large_Library,all,O=C(Nc1cc(CC)c(OCC)cc1)c1ccc(C(C)C)cc1,325a14e1,311.43,5.02,38.33,1,2,6,0.813,False,1
LIB_000244,Generated_Large_Library,all,O=C(Nc1cc(C(C)C)c(OC)cc1)c1ccc(C(C)C)cc1,b47b522f,311.43,5.19,38.33,1,2,5,0.824,False,1
LIB_000245,Generated_Large_Library,all,O=C(Nc1cc(C(C)C)c(OCC)cc1)c1ccc(C(C)C)cc1,783d2294,325.45,5.58,38.33,1,2,6,0.752,False,1
LIB_000246,Generated_Large_Library,all,O=C(Nc1cc(OC)c(OCC)cc1)c1ccc(C(C)C)cc1,9d03f262,313.4,4.47,47.56,1,3,6,0.856,True,0
LIB_000247,Generated_Large_Library,all,O=C(Nc1ccc(F)cc1)c1ccc(OC)cc1,c370cbca,245.25,3.09,38.33,1,2,3,0.902,True,0
LIB_000248,Generated_Large_Library,all,O=C(Nc1ccc(Cl)cc1)c1ccc(OC)cc1,eda6faed,261.71,3.6,38.33,1,2,3,0.917,True,0
LIB_000249,Generated_Large_Library,all,O=C(Nc1ccc(Br)cc1)c1ccc(OC)cc1,00aab622,306.16,3.71,38.33,1,2,3,0.939,True,0
LIB_000250,Generated_Large_Library,all,O=C(Nc1ccc(C)cc1)c1ccc(OC)cc1,94664444,241.29,3.26,38.33,1,2,3,0.895,True,0
LIB_000251,Generated_Large_Library,all,O=C(Nc1ccc(CC)cc1)c1ccc(OC)cc1,b4d3bf80,255.32,3.51,38.33,1,2,4,0.908,True,0
LIB_000252,Generated_Large_Library,all,O=C(Nc1ccc(C(C)C)cc1)c1ccc(OC)cc1,42e40ffa,269.34,4.07,38.33,1,2,4,0.908,True,0
LIB_000253,Generated_Large_Library,all,O=C(Nc1ccc(OC)cc1)c1ccc(OC)cc1,5370e205,257.29,2.96,47.56,1,3,4,0.916,True,0
LIB_000254,Generated_Large_Library,all,O=C(Nc1ccc(OCC)cc1)c1ccc(OC)cc1,949bc658,271.32,3.35,47.56,1,3,5,0.907,True,0
LIB_000255,Generated_Large_Library,all,O=C(Nc1ccc(C#N)cc1)c1ccc(OC)cc1,bb7d1f00,252.27,2.82,62.12,1,3,3,0.913,True,0
LIB_000256,Generated_Large_Library,all,O=C(Nc1ccc(C(F)(F)F)cc1)c1ccc(OC)cc1,7b1420e1,295.26,3.97,38.33,1,2,3,0.93,True,0
LIB_000257,Generated_Large_Library,all,O=C(Nc1ccc(S(=O)(=O)N)cc1)c1ccc(OC)cc1,226d5525,306.34,1.59,98.49,2,4,4,0.896,True,0
LIB_000258,Generated_Large_Library,all,O=C(Nc1ccc(N)cc1)c1ccc(OC)cc1,1b7de4d9,242.28,2.53,64.35,2,3,3,0.813,True,0
LIB_000259,Generated_Large_Library,all,O=C(Nc1ccc(O)cc1)c1ccc(OC)cc1,d3d03bd8,243.26,2.65,58.56,2,3,3,0.815,True,0
LIB_000260,Generated_Large_Library,all,O=C(Nc1cc(F)c(Cl)cc1)c1ccc(OC)cc1,b8246af8,279.7,3.74,38.33,1,2,3,0.929,True,0
LIB_000261,Generated_Large_Library,all,O=C(Nc1cc(F)c(Br)cc1)c1ccc(OC)cc1,54dec5b8,324.15,3.85,38.33,1,2,3,0.931,True,0
LIB_000262,Generated_Large_Library,all,O=C(Nc1cc(F)c(C)cc1)c1ccc(OC)cc1,d5dc73fc,259.28,3.4,38.33,1,2,3,0.917,True,0
LIB_000263,Generated_Large_Library,all,O=C(Nc1cc(F)c(CC)cc1)c1ccc(OC)cc1,dc43f8a3,273.31,3.65,38.33,1,2,4,0.923,True,0
LIB_000264,Generated_Large_Library,all,O=C(Nc1cc(F)c(C(C)C)cc1)c1ccc(OC)cc1,afa63e80,287.33,4.21,38.33,1,2,4,0.914,True,0
LIB_000265,Generated_Large_Library,all,O=C(Nc1cc(F)c(OC)cc1)c1ccc(OC)cc1,cccd7a71,275.28,3.1,47.56,1,3,4,0.932,True,0
LIB_000266,Generated_Large_Library,all,O=C(Nc1cc(F)c(OCC)cc1)c1ccc(OC)cc1,1ebd05fc,289.31,3.49,47.56,1,3,5,0.916,True,0
LIB_000267,Generated_Large_Library,all,O=C(Nc1cc(Cl)c(Br)cc1)c1ccc(OC)cc1,6c7e24fc,340.6,4.36,38.33,1,2,3,0.901,True,0
LIB_000268,Generated_Large_Library,all,O=C(Nc1cc(Cl)c(C)cc1)c1ccc(OC)cc1,4fa41dbb,275.74,3.91,38.33,1,2,3,0.922,True,0
LIB_000269,Generated_Large_Library,all,O=C(Nc1cc(Cl)c(CC)cc1)c1ccc(OC)cc1,5bbb0132,289.76,4.16,38.33,1,2,4,0.917,True,0
LIB_000270,Generated_Large_Library,all,O=C(Nc1cc(Cl)c(C(C)C)cc1)c1ccc(OC)cc1,103364df,303.79,4.72,38.33,1,2,4,0.887,True,0
LIB_000271,Generated_Large_Library,all,O=C(Nc1cc(Cl)c(OC)cc1)c1ccc(OC)cc1,3627e3ae,291.73,3.61,47.56,1,3,4,0.936,True,0
LIB_000272,Generated_Large_Library,all,O=C(Nc1cc(Cl)c(OCC)cc1)c1ccc(OC)cc1,f5488229,305.76,4.0,47.56,1,3,5,0.908,True,0
LIB_000273,Generated_Large_Library,all,O=C(Nc1cc(Br)c(C)cc1)c1ccc(OC)cc1,8b6d0618,320.19,4.02,38.33,1,2,3,0.928,True,0
LIB_000274,Generated_Large_Library,all,O=C(Nc1cc(Br)c(CC)cc1)c1ccc(OC)cc1,679349e0,334.21,4.27,38.33,1,2,4,0.907,True,0
LIB_000275,Generated_Large_Library,all,O=C(Nc1cc(Br)c(C(C)C)cc1)c1ccc(OC)cc1,99d08196,348.24,4.83,38.33,1,2,4,0.859,True,0
LIB_000276,Generated_Large_Library,all,O=C(Nc1cc(Br)c(OC)cc1)c1ccc(OC)cc1,3404ac13,336.19,3.72,47.56,1,3,4,0.926,True,0
LIB_000277,Generated_Large_Library,all,O=C(Nc1cc(Br)c(OCC)cc1)c1ccc(OC)cc1,123e3f7a,350.21,4.11,47.56,1,3,5,0.883,True,0
LIB_000278,Generated_Large_Library,all,O=C(Nc1cc(C)c(CC)cc1)c1ccc(OC)cc1,19387d54,269.34,3.82,38.33,1,2,4,0.916,True,0
LIB_000279,Generated_Large_Library,all,O=C(Nc1cc(C)c(C(C)C)cc1)c1ccc(OC)cc1,0d9b84a4,283.37,4.38,38.33,1,2,4,0.904,True,0
LIB_000280,Generated_Large_Library,all,O=C(Nc1cc(C)c(OC)cc1)c1ccc(OC)cc1,b73efe9d,271.32,3.26,47.56,1,3,4,0.928,True,0
LIB_000281,Generated_Large_Library,all,O=C(Nc1cc(C)c(OCC)cc1)c1ccc(OC)cc1,817ae565,285.34,3.65,47.56,1,3,5,0.912,True,0
LIB_000282,Generated_Large_Library,all,O=C(Nc1cc(CC)c(C(C)C)cc1)c1ccc(OC)cc1,782228ae,297.4,4.63,38.33,1,2,5,0.873,True,0
LIB_000283,Generated_Large_Library,all,O=C(Nc1cc(CC)c(OC)cc1)c1ccc(OC)cc1,cabd36d7,285.34,3.52,47.56,1,3,5,0.914,True,0
LIB_000284,Generated_Large_Library,all,O=C(Nc1cc(CC)c(OCC)cc1)c1ccc(OC)cc1,9844d44e,299.37,3.91,47.56,1,3,6,0.879,True,0
LIB_000285,Generated_Large_Library,all,O=C(Nc1cc(C(C)C)c(OC)cc1)c1ccc(OC)cc1,c9137d45,299.37,4.08,47.56,1,3,5,0.905,True,0
LIB_000286,Generated_Large_Library,all,O=C(Nc1cc(C(C)C)c(OCC)cc1)c1ccc(OC)cc1,afc3bf3d,313.4,4.47,47.56,1,3,6,0.856,True,0
LIB_000287,Generated_Large_Library,all,O=C(Nc1cc(OC)c(OCC)cc1)c1ccc(OC)cc1,24a2af4f,301.34,3.35,56.79,1,4,6,0.889,True,0
LIB_000288,Generated_Large_Library,all,O=C(Nc1ccc(F)cc1)c1ccc(OCC)cc1,b5001259,259.28,3.48,38.33,1,2,4,0.912,True,0
LIB_000289,Generated_Large_Library,all,O=C(Nc1ccc(Cl)cc1)c1ccc(OCC)cc1,325d4810,275.73,3.99,38.33,1,2,4,0.916,True,0
LIB_000290,Generated_Large_Library,all,O=C(Nc1ccc(Br)cc1)c1ccc(OCC)cc1,703a6b3e,320.19,4.1,38.33,1,2,4,0.921,True,0
LIB_000291,Generated_Large_Library,all,O=C(Nc1ccc(C)cc1)c1ccc(OCC)cc1,6e235d11,255.32,3.65,38.33,1,2,4,0.905,True,0
LIB_000292,Generated_Large_Library,all,O=C(Nc1ccc(CC)cc1)c1ccc(OCC)cc1,caaf0f5a,269.34,3.9,38.33,1,2,5,0.894,True,0
LIB_000293,Generated_Large_Library,all,O=C(Nc1ccc(C(C)C)cc1)c1ccc(OCC)cc1,e2fe1b71,283.37,4.46,38.33,1,2,5,0.879,True,0
LIB_000294,Generated_Large_Library,all,O=C(Nc1ccc(OC)cc1)c1ccc(OCC)cc1,4ff6d658,271.32,3.35,47.56,1,3,5,0.907,True,0
LIB_000295,Generated_Large_Library,all,O=C(Nc1ccc(OCC)cc1)c1ccc(OCC)cc1,76730dab,285.34,3.74,47.56,1,3,6,0.879,True,0
LIB_000296,Generated_Large_Library,all,O=C(Nc1ccc(C#N)cc1)c1ccc(OCC)cc1,d522b319,266.3,3.21,62.12,1,3,4,0.924,True,0
LIB_000297,Generated_Large_Library,all,O=C(Nc1ccc(C(F)(F)F)cc1)c1ccc(OCC)cc1,32cbf15d,309.29,4.36,38.33,1,2,4,0.911,True,0
LIB_000298,Generated_Large_Library,all,O=C(Nc1ccc(S(=O)(=O)N)cc1)c1ccc(OCC)cc1,3281f735,320.37,1.98,98.49,2,4,5,0.88,True,0
LIB_000299,Generated_Large_Library,all,O=C(Nc1ccc(N)cc1)c1ccc(OCC)cc1,b7043099,256.3,2.92,64.35,2,3,4,0.827,True,0
LIB_000300,Generated_Large_Library,all,O=C(Nc1ccc(O)cc1)c1ccc(OCC)cc1,c7e0c657,257.29,3.04,58.56,2,3,4,0.828,True,0
LIB_000301,Generated_Large_Library,all,O=C(Nc1cc(F)c(Cl)cc1)c1ccc(OCC)cc1,2923abdb,293.73,4.13,38.33,1,2,4,0.92,True,0
LIB_000302,Generated_Large_Library,all,O=C(Nc1cc(F)c(Br)cc1)c1ccc(OCC)cc1,46f10375,338.18,4.24,38.33,1,2,4,0.906,True,0
LIB_000303,Generated_Large_Library,all,O=C(Nc1cc(F)c(C)cc1)c1ccc(OCC)cc1,c0a08b56,273.31,3.79,38.33,1,2,4,0.92,True,0
LIB_000304,Generated_Large_Library,all,O=C(Nc1cc(F)c(CC)cc1)c1ccc(OCC)cc1,51b841ab,287.33,4.04,38.33,1,2,5,0.901,True,0
LIB_000305,Generated_Large_Library,all,O=C(Nc1cc(F)c(C(C)C)cc1)c1ccc(OCC)cc1,bb2cd33c,301.36,4.6,38.33,1,2,5,0.876,True,0
LIB_000306,Generated_Large_Library,all,O=C(Nc1cc(F)c(OC)cc1)c1ccc(OCC)cc1,fb54c8fb,289.31,3.49,47.56,1,3,5,0.916,True,0
LIB_000307,Generated_Large_Library,all,O=C(Nc1cc(F)c(OCC)cc1)c1ccc(OCC)cc1,3983239a,303.33,3.88,47.56,1,3,6,0.881,True,0
LIB_000308,Generated_Large_Library,all,O=C(Nc1cc(Cl)c(Br)cc1)c1ccc(OCC)cc1,beffe711,354.63,4.75,38.33,1,2,4,0.86,True,0
LIB_000309,Generated_Large_Library,all,O=C(Nc1cc(Cl)c(C)cc1)c1ccc(OCC)cc1,10ec0bee,289.76,4.3,38.33,1,2,4,0.911,True,0
LIB_000310,Generated_Large_Library,all,O=C(Nc1cc(Cl)c(CC)cc1)c1ccc(OCC)cc1,9246573c,303.79,4.55,38.33,1,2,5,0.879,True,0
LIB_000311,Generated_Large_Library,all,O=C(Nc1cc(Cl)c(C(C)C)cc1)c1ccc(OCC)cc1,23717503,317.82,5.11,38.33,1,2,5,0.831,False,1
LIB_000312,Generated_Large_Library,all,O=C(Nc1cc(Cl)c(OC)cc1)c1ccc(OCC)cc1,248156a8,305.76,4.0,47.56,1,3,5,0.908,True,0
LIB_000313,Generated_Large_Library,all,O=C(Nc1cc(Cl)c(OCC)cc1)c1ccc(OCC)cc1,bbff898b,319.79,4.39,47.56,1,3,6,0.859,True,0
LIB_000314,Generated_Large_Library,all,O=C(Nc1cc(Br)c(C)cc1)c1ccc(OCC)cc1,c16f6e90,334.21,4.41,38.33,1,2,4,0.899,True,0
LIB_000315,Generated_Large_Library,all,O=C(Nc1cc(Br)c(CC)cc1)c1ccc(OCC)cc1,833ae1ad,348.24,4.66,38.33,1,2,5,0.853,True,0
LIB_000316,Generated_Large_Library,all,O=C(Nc1cc(Br)c(C(C)C)cc1)c1ccc(OCC)cc1,cc1c54de,362.27,5.22,38.33,1,2,5,0.792,False,1
LIB_000317,Generated_Large_Library,all,O=C(Nc1cc(Br)c(OC)cc1)c1ccc(OCC)cc1,79187739,350.21,4.11,47.56,1,3,5,0.883,True,0
LIB_000318,Generated_Large_Library,all,O=C(Nc1cc(Br)c(OCC)cc1)c1ccc(OCC)cc1,f97f8f24,364.24,4.5,47.56,1,3,6,0.821,True,0
LIB_000319,Generated_Large_Library,all,O=C(Nc1cc(C)c(CC)cc1)c1ccc(OCC)cc1,5988f78b,283.37,4.21,38.33,1,2,5,0.892,True,0
LIB_000320,Generated_Large_Library,all,O=C(Nc1cc(C)c(C(C)C)cc1)c1ccc(OCC)cc1,c2955262,297.4,4.77,38.33,1,2,5,0.863,True,0
LIB_000321,Generated_Large_Library,all,O=C(Nc1cc(C)c(OC)cc1)c1ccc(OCC)cc1,381a594b,285.34,3.65,47.56,1,3,5,0.912,True,0
LIB_000322,Generated_Large_Library,all,O=C(Nc1cc(C)c(OCC)cc1)c1ccc(OCC)cc1,0aa9b8e1,299.37,4.04,47.56,1,3,6,0.875,True,0
LIB_000323,Generated_Large_Library,all,O=C(Nc1cc(CC)c(C(C)C)cc1)c1ccc(OCC)cc1,01066310,311.43,5.02,38.33,1,2,6,0.813,False,1
LIB_000324,Generated_Large_Library,all,O=C(Nc1cc(CC)c(OC)cc1)c1ccc(OCC)cc1,9d6b4693,299.37,3.91,47.56,1,3,6,0.879,True,0
LIB_000325,Generated_Large_Library,all,O=C(Nc1cc(CC)c(OCC)cc1)c1ccc(OCC)cc1,b0d4e3c3,313.4,4.3,47.56,1,3,7,0.829,True,0
LIB_000326,Generated_Large_Library,all,O=C(Nc1cc(C(C)C)c(OC)cc1)c1ccc(OCC)cc1,9c63cf59,313.4,4.47,47.56,1,3,6,0.856,True,0
LIB_000327,Generated_Large_Library,all,O=C(Nc1cc(C(C)C)c(OCC)cc1)c1ccc(OCC)cc1,3238dc69,327.42,4.86,47.56,1,3,7,0.79,True,0
LIB_000328,Generated_Large_Library,all,O=C(Nc1cc(OC)c(OCC)cc1)c1ccc(OCC)cc1,6f573b14,315.37,3.74,56.79,1,4,7,0.845,True,0
LIB_000329,Generated_Large_Library,all,O=C(Nc1ccc(F)cc1)c1ccc(C#N)cc1,ddb75472,240.24,2.95,52.89,1,2,2,0.877,True,0
LIB_000330,Generated_Large_Library,all,O=C(Nc1ccc(Cl)cc1)c1ccc(C#N)cc1,bf54998b,256.69,3.46,52.89,1,2,2,0.895,True,0
LIB_000331,Generated_Large_Library,all,O=C(Nc1ccc(Br)cc1)c1ccc(C#N)cc1,7a32640a,301.14,3.57,52.89,1,2,2,0.922,True,0
LIB_000332,Generated_Large_Library,all,O=C(Nc1ccc(C)cc1)c1ccc(C#N)cc1,a1e08366,236.27,3.12,52.89,1,2,2,0.87,True,0
LIB_000333,Generated_Large_Library,all,O=C(Nc1ccc(CC)cc1)c1ccc(C#N)cc1,cb8bf476,250.3,3.37,52.89,1,2,3,0.908,True,0
LIB_000334,Generated_Large_Library,all,O=C(Nc1ccc(C(C)C)cc1)c1ccc(C#N)cc1,221d0fee,264.33,3.93,52.89,1,2,3,0.913,True,0
LIB_000335,Generated_Large_Library,all,O=C(Nc1ccc(OC)cc1)c1ccc(C#N)cc1,46b11ad4,252.27,2.82,62.12,1,3,3,0.913,True,0
LIB_000336,Generated_Large_Library,all,O=C(Nc1ccc(OCC)cc1)c1ccc(C#N)cc1,740541b3,266.3,3.21,62.12,1,3,4,0.924,True,0
LIB_000337,Generated_Large_Library,all,O=C(Nc1ccc(C#N)cc1)c1ccc(C#N)cc1,43c9ef8c,247.26,2.68,76.68,1,3,2,0.886,True,0
LIB_000338,Generated_Large_Library,all,O=C(Nc1ccc(C(F)(F)F)cc1)c1ccc(C#N)cc1,98246d7f,290.24,3.83,52.89,1,2,2,0.913,True,0
LIB_000339,Generated_Large_Library,all,O=C(Nc1ccc(S(=O)(=O)N)cc1)c1ccc(C#N)cc1,383b7e3b,301.33,1.46,113.05,2,4,3,0.893,True,0
LIB_000340,Generated_Large_Library,all,O=C(Nc1ccc(N)cc1)c1ccc(C#N)cc1,d9cc7983,237.26,2.39,78.91,2,3,2,0.787,True,0
LIB_000341,Generated_Large_Library,all,O=C(Nc1ccc(O)cc1)c1ccc(C#N)cc1,58cc8d0b,238.25,2.52,73.12,2,3,2,0.789,True,0
LIB_000342,Generated_Large_Library,all,O=C(Nc1cc(F)c(Cl)cc1)c1ccc(C#N)cc1,77748960,274.68,3.6,52.89,1,2,2,0.909,True,0
LIB_000343,Generated_Large_Library,all,O=C(Nc1cc(F)c(Br)cc1)c1ccc(C#N)cc1,28ab8453,319.13,3.71,52.89,1,2,2,0.917,True,0
LIB_000344,Generated_Large_Library,all,O=C(Nc1cc(F)c(C)cc1)c1ccc(C#N)cc1,6f13aa6c,254.26,3.26,52.89,1,2,2,0.894,True,0
LIB_000345,Generated_Large_Library,all,O=C(Nc1cc(F)c(CC)cc1)c1ccc(C#N)cc1,3ff1ebda,268.29,3.51,52.89,1,2,3,0.926,True,0
LIB_000346,Generated_Large_Library,all,O=C(Nc1cc(F)c(C(C)C)cc1)c1ccc(C#N)cc1,a5a558df,282.32,4.07,52.89,1,2,3,0.922,True,0
LIB_000347,Generated_Large_Library,all,O=C(Nc1cc(F)c(OC)cc1)c1ccc(C#N)cc1,92da6f05,270.26,2.96,62.12,1,3,3,0.932,True,0
LIB_000348,Generated_Large_Library,all,O=C(Nc1cc(F)c(OCC)cc1)c1ccc(C#N)cc1,3500c06e,284.29,3.35,62.12,1,3,4,0.936,True,0
LIB_000349,Generated_Large_Library,all,O=C(Nc1cc(Cl)c(Br)cc1)c1ccc(C#N)cc1,dc97888c,335.59,4.23,52.89,1,2,2,0.893,True,0
LIB_000350,Generated_Large_Library,all,O=C(Nc1cc(Cl)c(C)cc1)c1ccc(C#N)cc1,1c839b4b,270.72,3.77,52.89,1,2,2,0.903,True,0
LIB_000351,Generated_Large_Library,all,O=C(Nc1cc(Cl)c(CC)cc1)c1ccc(C#N)cc1,baa5d684,284.75,4.03,52.89,1,2,3,0.925,True,0
LIB_000352,Generated_Large_Library,all,O=C(Nc1cc(Cl)c(C(C)C)cc1)c1ccc(C#N)cc1,152603c2,298.77,4.59,52.89,1,2,3,0.901,True,0
LIB_000353,Generated_Large_Library,all,O=C(Nc1cc(Cl)c(OC)cc1)c1ccc(C#N)cc1,8c7ca886,286.72,3.47,62.12,1,3,3,0.939,True,0
LIB_000354,Generated_Large_Library,all,O=C(Nc1cc(Cl)c(OCC)cc1)c1ccc(C#N)cc1,f5570f27,300.75,3.86,62.12,1,3,4,0.932,True,0
LIB_000355,Generated_Large_Library,all,O=C(Nc1cc(Br)c(C)cc1)c1ccc(C#N)cc1,d621f540,315.17,3.88,52.89,1,2,2,0.914,True,0
LIB_000356,Generated_Large_Library,all,O=C(Nc1cc(Br)c(CC)cc1)c1ccc(C#N)cc1,e7afe957,329.2,4.14,52.89,1,2,3,0.92,True,0
LIB_000357,Generated_Large_Library,all,O=C(Nc1cc(Br)c(C(C)C)cc1)c1ccc(C#N)cc1,c10ed2f3,343.22,4.7,52.89,1,2,3,0.878,True,0
LIB_000358,Generated_Large_Library,all,O=C(Nc1cc(Br)c(OC)cc1)c1ccc(C#N)cc1,0621bae1,331.17,3.58,62.12,1,3,3,0.935,True,0
LIB_000359,Generated_Large_Library,all,O=C(Nc1cc(Br)c(OCC)cc1)c1ccc(C#N)cc1,bd1b1a6c,345.2,3.97,62.12,1,3,4,0.912,True,0
LIB_000360,Generated_Large_Library,all,O=C(Nc1cc(C)c(CC)cc1)c1ccc(C#N)cc1,5d03055e,264.33,3.68,52.89,1,2,3,0.919,True,0
LIB_000361,Generated_Large_Library,all,O=C(Nc1cc(C)c(C(C)C)cc1)c1ccc(C#N)cc1,7ce26acd,278.35,4.24,52.89,1,2,3,0.912,True,0
LIB_000362,Generated_Large_Library,all,O=C(Nc1cc(C)c(OC)cc1)c1ccc(C#N)cc1,da46a5fc,266.3,3.13,62.12,1,3,3,0.928,True,0
LIB_000363,Generated_Large_Library,all,O=C(Nc1cc(C)c(OCC)cc1)c1ccc(C#N)cc1,41368f03,280.33,3.52,62.12,1,3,4,0.932,True,0
LIB_000364,Generated_Large_Library,all,O=C(Nc1cc(CC)c(C(C)C)cc1)c1ccc(C#N)cc1,04a9506d,292.38,4.5,52.89,1,2,4,0.902,True,0
LIB_000365,Generated_Large_Library,all,O=C(Nc1cc(CC)c(OC)cc1)c1ccc(C#N)cc1,4fa9caa7,280.33,3.38,62.12,1,3,4,0.933,True,0
LIB_000366,Generated_Large_Library,all,O=C(Nc1cc(CC)c(OCC)cc1)c1ccc(C#N)cc1,e8ffdc67,294.35,3.77,62.12,1,3,5,0.913,True,0
LIB_000367,Generated_Large_Library,all,O=C(Nc1cc(C(C)C)c(OC)cc1)c1ccc(C#N)cc1,8c333f1d,294.35,3.94,62.12,1,3,4,0.929,True,0
LIB_000368,Generated_Large_Library,all,O=C(Nc1cc(C(C)C)c(OCC)cc1)c1ccc(C#N)cc1,e0284d98,308.38,4.33,62.12,1,3,5,0.894,True,0
LIB_000369,Generated_Large_Library,all,O=C(Nc1cc(OC)c(OCC)cc1)c1ccc(C#N)cc1,0f5b1b09,296.33,3.22,71.35,1,4,5,0.919,True,0
LIB_000370,Generated_Large_Library,all,O=C(Nc1ccc(F)cc1)c1ccc(C(F)(F)F)cc1,805f3b0b,283.22,4.1,29.1,1,1,2,0.826,True,0
LIB_000371,Generated_Large_Library,all,O=C(Nc1ccc(Cl)cc1)c1ccc(C(F)(F)F)cc1,7af191fe,299.68,4.61,29.1,1,1,2,0.862,True,0
LIB_000372,Generated_Large_Library,all,O=C(Nc1ccc(Br)cc1)c1ccc(C(F)(F)F)cc1,8b3764a3,344.13,4.72,29.1,1,1,2,0.839,True,0
LIB_000373,Generated_Large_Library,all,O=C(Nc1ccc(C)cc1)c1ccc(C(F)(F)F)cc1,97e8f8c4,279.26,4.27,29.1,1,1,2,0.874,True,0
LIB_000374,Generated_Large_Library,all,O=C(Nc1ccc(CC)cc1)c1ccc(C(F)(F)F)cc1,62507894,293.29,4.52,29.1,1,1,3,0.885,True,0
LIB_000375,Generated_Large_Library,all,O=C(Nc1ccc(C(C)C)cc1)c1ccc(C(F)(F)F)cc1,d96430d4,307.31,5.08,29.1,1,1,3,0.841,False,1
LIB_000376,Generated_Large_Library,all,O=C(Nc1ccc(OC)cc1)c1ccc(C(F)(F)F)cc1,444f1597,295.26,3.97,38.33,1,2,3,0.93,True,0
LIB_000377,Generated_Large_Library,all,O=C(Nc1ccc(OCC)cc1)c1ccc(C(F)(F)F)cc1,6a4c46f0,309.29,4.36,38.33,1,2,4,0.911,True,0
LIB_000378,Generated_Large_Library,all,O=C(Nc1ccc(C#N)cc1)c1ccc(C(F)(F)F)cc1,fe0a17c0,290.24,3.83,52.89,1,2,2,0.913,True,0
LIB_000379,Generated_Large_Library,all,O=C(Nc1ccc(C(F)(F)F)cc1)c1ccc(C(F)(F)F)cc1,56a6eafe,333.23,4.98,29.1,1,1,2,0.772,True,0
LIB_000380,Generated_Large_Library,all,O=C(Nc1ccc(S(=O)(=O)N)cc1)c1ccc(C(F)(F)F)cc1,d2cce317,344.31,2.61,89.26,2,3,3,0.897,True,0
LIB_000381,Generated_Large_Library,all,O=C(Nc1ccc(N)cc1)c1ccc(C(F)(F)F)cc1,53d9eaf4,280.25,3.54,55.12,2,2,2,0.827,True,0
LIB_000382,Generated_Large_Library,all,O=C(Nc1ccc(O)cc1)c1ccc(C(F)(F)F)cc1,e46125a0,281.23,3.66,49.33,2,2,2,0.825,True,0
LIB_000383,Generated_Large_Library,all,O=C(Nc1cc(F)c(Cl)cc1)c1ccc(C(F)(F)F)cc1,48fd03ce,317.67,4.75,29.1,1,1,2,0.796,True,0
LIB_000384,Generated_Large_Library,all,O=C(Nc1cc(F)c(Br)cc1)c1ccc(C(F)(F)F)cc1,404b2fed,362.12,4.86,29.1,1,1,2,0.76,True,0
LIB_000385,Generated_Large_Library,all,O=C(Nc1cc(F)c(C)cc1)c1ccc(C(F)(F)F)cc1,69c3070d,297.25,4.41,29.1,1,1,2,0.818,True,0
LIB_000386,Generated_Large_Library,all,O=C(Nc1cc(F)c(CC)cc1)c1ccc(C(F)(F)F)cc1,6d009d08,311.28,4.66,29.1,1,1,3,0.821,True,0
LIB_000387,Generated_Large_Library,all,O=C(Nc1cc(F)c(C(C)C)cc1)c1ccc(C(F)(F)F)cc1,64f9101a,325.31,5.22,29.1,1,1,3,0.77,False,1
LIB_000388,Generated_Large_Library,all,O=C(Nc1cc(F)c(OC)cc1)c1ccc(C(F)(F)F)cc1,051e1a7d,313.25,4.11,38.33,1,2,3,0.866,True,0
LIB_000389,Generated_Large_Library,all,O=C(Nc1cc(F)c(OCC)cc1)c1ccc(C(F)(F)F)cc1,66780a81,327.28,4.5,38.33,1,2,4,0.84,True,0
LIB_000390,Generated_Large_Library,all,O=C(Nc1cc(Cl)c(Br)cc1)c1ccc(C(F)(F)F)cc1,e60da787,378.57,5.37,29.1,1,1,2,0.747,False,1
LIB_000391,Generated_Large_Library,all,O=C(Nc1cc(Cl)c(C)cc1)c1ccc(C(F)(F)F)cc1,18f093df,313.71,4.92,29.1,1,1,2,0.837,True,0
LIB_000392,Generated_Large_Library,all,O=C(Nc1cc(Cl)c(CC)cc1)c1ccc(C(F)(F)F)cc1,36450edc,327.73,5.17,29.1,1,1,3,0.827,False,1
LIB_000393,Generated_Large_Library,all,O=C(Nc1cc(Cl)c(C(C)C)cc1)c1ccc(C(F)(F)F)cc1,03d83ffc,341.76,5.73,29.1,1,1,3,0.758,False,1
LIB_000394,Generated_Large_Library,all,O=C(Nc1cc(Cl)c(OC)cc1)c1ccc(C(F)(F)F)cc1,305e7003,329.7,4.62,38.33,1,2,3,0.892,True,0
LIB_000395,Generated_Large_Library,all,O=C(Nc1cc(Cl)c(OCC)cc1)c1ccc(C(F)(F)F)cc1,fae90d9d,343.73,5.01,38.33,1,2,4,0.847,False,1
LIB_000396,Generated_Large_Library,all,O=C(Nc1cc(Br)c(C)cc1)c1ccc(C(F)(F)F)cc1,8b21faf7,358.16,5.03,29.1,1,1,2,0.802,False,1
LIB_000397,Generated_Large_Library,all,O=C(Nc1cc(Br)c(CC)cc1)c1ccc(C(F)(F)F)cc1,1c74f808,372.18,5.28,29.1,1,1,3,0.78,False,1
LIB_000398,Generated_Large_Library,all,O=C(Nc1cc(Br)c(C(C)C)cc1)c1ccc(C(F)(F)F)cc1,41e18c2d,386.21,5.84,29.1,1,1,3,0.705,False,1
LIB_000399,Generated_Large_Library,all,O=C(Nc1cc(Br)c(OC)cc1)c1ccc(C(F)(F)F)cc1,2e1ce7c4,374.16,4.73,38.33,1,2,3,0.844,True,0
LIB_000400,Generated_Large_Library,all,O=C(Nc1cc(Br)c(OCC)cc1)c1ccc(C(F)(F)F)cc1,51157794,388.18,5.12,38.33,1,2,4,0.79,False,1
LIB_000401,Generated_Large_Library,all,O=C(Nc1cc(C)c(CC)cc1)c1ccc(C(F)(F)F)cc1,f768d052,307.31,4.83,29.1,1,1,3,0.864,True,0
LIB_000402,Generated_Large_Library,all,O=C(Nc1cc(C)c(C(C)C)cc1)c1ccc(C(F)(F)F)cc1,096d4407,321.34,5.39,29.1,1,1,3,0.807,False,1
LIB_000403,Generated_Large_Library,all,O=C(Nc1cc(C)c(OC)cc1)c1ccc(C(F)(F)F)cc1,fb260a1b,309.29,4.27,38.33,1,2,3,0.919,True,0
LIB_000404,Generated_Large_Library,all,O=C(Nc1cc(C)c(OCC)cc1)c1ccc(C(F)(F)F)cc1,f2cc6088,323.31,4.66,38.33,1,2,4,0.888,True,0
LIB_000405,Generated_Large_Library,all,O=C(Nc1cc(CC)c(C(C)C)cc1)c1ccc(C(F)(F)F)cc1,dff52825,335.37,5.64,29.1,1,1,4,0.769,False,1
LIB_000406,Generated_Large_Library,all,O=C(Nc1cc(CC)c(OC)cc1)c1ccc(C(F)(F)F)cc1,d90cc3ec,323.31,4.53,38.33,1,2,4,0.898,True,0
LIB_000407,Generated_Large_Library,all,O=C(Nc1cc(CC)c(OCC)cc1)c1ccc(C(F)(F)F)cc1,bf97bfec,337.34,4.92,38.33,1,2,5,0.841,True,0
LIB_000408,Generated_Large_Library,all,O=C(Nc1cc(C(C)C)c(OC)cc1)c1ccc(C(F)(F)F)cc1,2f3efa08,337.34,5.09,38.33,1,2,4,0.844,False,1
LIB_000409,Generated_Large_Library,all,O=C(Nc1cc(C(C)C)c(OCC)cc1)c1ccc(C(F)(F)F)cc1,efc9e09a,351.37,5.48,38.33,1,2,5,0.775,False,1
LIB_000410,Generated_Large_Library,all,O=C(Nc1cc(OC)c(OCC)cc1)c1ccc(C(F)(F)F)cc1,64bf4c29,339.31,4.37,47.56,1,3,5,0.88,True,0
LIB_000411,Generated_Large_Library,all,O=C(Nc1ccc(F)cc1)c1ccc(S(=O)(=O)N)cc1,0894b133,294.31,1.73,89.26,2,3,3,0.903,True,0
LIB_000412,Generated_Large_Library,all,O=C(Nc1ccc(Cl)cc1)c1ccc(S(=O)(=O)N)cc1,97451b75,310.76,2.24,89.26,2,3,3,0.911,True,0
LIB_000413,Generated_Large_Library,all,O=C(Nc1ccc(Br)cc1)c1ccc(S(=O)(=O)N)cc1,49e266a4,355.21,2.35,89.26,2,3,3,0.886,True,0
LIB_000414,Generated_Large_Library,all,O=C(Nc1ccc(C)cc1)c1ccc(S(=O)(=O)N)cc1,de32b95d,290.34,1.89,89.26,2,3,3,0.904,True,0
LIB_000415,Generated_Large_Library,all,O=C(Nc1ccc(CC)cc1)c1ccc(S(=O)(=O)N)cc1,49a1034d,304.37,2.15,89.26,2,3,4,0.907,True,0
LIB_000416,Generated_Large_Library,all,O=C(Nc1ccc(C(C)C)cc1)c1ccc(S(=O)(=O)N)cc1,5addf6c2,318.4,2.71,89.26,2,3,4,0.908,True,0
LIB_000417,Generated_Large_Library,all,O=C(Nc1ccc(OC)cc1)c1ccc(S(=O)(=O)N)cc1,03bcec11,306.34,1.59,98.49,2,4,4,0.896,True,0
LIB_000418,Generated_Large_Library,all,O=C(Nc1ccc(OCC)cc1)c1ccc(S(=O)(=O)N)cc1,9afec9a2,320.37,1.99,98.49,2,4,5,0.88,True,0
LIB_000419,Generated_Large_Library,all,O=C(Nc1ccc(C#N)cc1)c1ccc(S(=O)(=O)N)cc1,3761ef07,301.33,1.46,113.05,2,4,3,0.893,True,0
LIB_000420,Generated_Large_Library,all,O=C(Nc1ccc(C(F)(F)F)cc1)c1ccc(S(=O)(=O)N)cc1,213af487,344.31,2.61,89.26,2,3,3,0.897,True,0
LIB_000421,Generated_Large_Library,all,O=C(Nc1ccc(S(=O)(=O)N)cc1)c1ccc(S(=O)(=O)N)cc1,a22c57e4,355.4,0.23,149.42,3,5,4,0.717,True,0
LIB_000422,Generated_Large_Library,all,O=C(Nc1ccc(N)cc1)c1ccc(S(=O)(=O)N)cc1,f2152803,291.33,1.17,115.28,3,4,3,0.736,True,0
LIB_000423,Generated_Large_Library,all,O=C(Nc1ccc(O)cc1)c1ccc(S(=O)(=O)N)cc1,eb8319fd,292.32,1.29,109.49,3,4,3,0.74,True,0
LIB_000424,Generated_Large_Library,all,O=C(Nc1cc(F)c(Cl)cc1)c1ccc(S(=O)(=O)N)cc1,b893a5c6,328.75,2.38,89.26,2,3,3,0.906,True,0
LIB_000425,Generated_Large_Library,all,O=C(Nc1cc(F)c(Br)cc1)c1ccc(S(=O)(=O)N)cc1,243938ff,373.2,2.49,89.26,2,3,3,0.866,True,0
LIB_000426,Generated_Large_Library,all,O=C(Nc1cc(F)c(C)cc1)c1ccc(S(=O)(=O)N)cc1,8b89e9d9,308.33,2.03,89.26,2,3,3,0.909,True,0
LIB_000427,Generated_Large_Library,all,O=C(Nc1cc(F)c(CC)cc1)c1ccc(S(=O)(=O)N)cc1,0d7dddd1,322.36,2.29,89.26,2,3,4,0.905,True,0
LIB_000428,Generated_Large_Library,all,O=C(Nc1cc(F)c(C(C)C)cc1)c1ccc(S(=O)(=O)N)cc1,726eb7ab,336.39,2.85,89.26,2,3,4,0.899,True,0
LIB_000429,Generated_Large_Library,all,O=C(Nc1cc(F)c(OC)cc1)c1ccc(S(=O)(=O)N)cc1,f787355a,324.33,1.73,98.49,2,4,4,0.895,True,0
LIB_000430,Generated_Large_Library,all,O=C(Nc1cc(F)c(OCC)cc1)c1ccc(S(=O)(=O)N)cc1,835057fc,338.36,2.12,98.49,2,4,5,0.872,True,0
LIB_000431,Generated_Large_Library,all,O=C(Nc1cc(Cl)c(Br)cc1)c1ccc(S(=O)(=O)N)cc1,6be79c03,389.66,3.0,89.26,2,3,3,0.845,True,0
LIB_000432,Generated_Large_Library,all,O=C(Nc1cc(Cl)c(C)cc1)c1ccc(S(=O)(=O)N)cc1,64f9806c,324.79,2.55,89.26,2,3,3,0.909,True,0
LIB_000433,Generated_Large_Library,all,O=C(Nc1cc(Cl)c(CC)cc1)c1ccc(S(=O)(=O)N)cc1,61e6e14c,338.82,2.8,89.26,2,3,4,0.898,True,0
LIB_000434,Generated_Large_Library,all,O=C(Nc1cc(Cl)c(C(C)C)cc1)c1ccc(S(=O)(=O)N)cc1,d3ab5137,352.84,3.36,89.26,2,3,4,0.884,True,0
LIB_000435,Generated_Large_Library,all,O=C(Nc1cc(Cl)c(OC)cc1)c1ccc(S(=O)(=O)N)cc1,e0e40e38,340.79,2.25,98.49,2,4,4,0.891,True,0
LIB_000436,Generated_Large_Library,all,O=C(Nc1cc(Cl)c(OCC)cc1)c1ccc(S(=O)(=O)N)cc1,f1d830f5,354.82,2.64,98.49,2,4,5,0.862,True,0
LIB_000437,Generated_Large_Library,all,O=C(Nc1cc(Br)c(C)cc1)c1ccc(S(=O)(=O)N)cc1,3a66b7df,369.24,2.66,89.26,2,3,3,0.872,True,0
LIB_000438,Generated_Large_Library,all,O=C(Nc1cc(Br)c(CC)cc1)c1ccc(S(=O)(=O)N)cc1,bbaf1283,383.27,2.91,89.26,2,3,4,0.851,True,0
LIB_000439,Generated_Large_Library,all,O=C(Nc1cc(Br)c(C(C)C)cc1)c1ccc(S(=O)(=O)N)cc1,c89415a0,397.29,3.47,89.26,2,3,4,0.828,True,0
LIB_000440,Generated_Large_Library,all,O=C(Nc1cc(Br)c(OC)cc1)c1ccc(S(=O)(=O)N)cc1,5f789436,385.24,2.36,98.49,2,4,4,0.844,True,0
LIB_000441,Generated_Large_Library,all,O=C(Nc1cc(Br)c(OCC)cc1)c1ccc(S(=O)(=O)N)cc1,48038c37,399.27,2.75,98.49,2,4,5,0.808,True,0
LIB_000442,Generated_Large_Library,all,O=C(Nc1cc(C)c(CC)cc1)c1ccc(S(=O)(=O)N)cc1,ad16facb,318.4,2.46,89.26,2,3,4,0.907,True,0
LIB_000443,Generated_Large_Library,all,O=C(Nc1cc(C)c(C(C)C)cc1)c1ccc(S(=O)(=O)N)cc1,35bd6c8a,332.43,3.02,89.26,2,3,4,0.902,True,0
LIB_000444,Generated_Large_Library,all,O=C(Nc1cc(C)c(OC)cc1)c1ccc(S(=O)(=O)N)cc1,4b35b632,320.37,1.9,98.49,2,4,4,0.899,True,0
LIB_000445,Generated_Large_Library,all,O=C(Nc1cc(C)c(OCC)cc1)c1ccc(S(=O)(=O)N)cc1,cc734a65,334.4,2.29,98.49,2,4,5,0.876,True,0
LIB_000446,Generated_Large_Library,all,O=C(Nc1cc(CC)c(C(C)C)cc1)c1ccc(S(=O)(=O)N)cc1,58757304,346.45,3.27,89.26,2,3,5,0.87,True,0
LIB_000447,Generated_Large_Library,all,O=C(Nc1cc(CC)c(OC)cc1)c1ccc(S(=O)(=O)N)cc1,56b11c18,334.4,2.16,98.49,2,4,5,0.875,True,0
LIB_000448,Generated_Large_Library,all,O=C(Nc1cc(CC)c(OCC)cc1)c1ccc(S(=O)(=O)N)cc1,710a8255,348.42,2.55,98.49,2,4,6,0.838,True,0
LIB_000449,Generated_Large_Library,all,O=C(Nc1cc(C(C)C)c(OC)cc1)c1ccc(S(=O)(=O)N)cc1,0ddc6332,348.42,2.72,98.49,2,4,5,0.868,True,0
LIB_000450,Generated_Large_Library,all,O=C(Nc1cc(C(C)C)c(OCC)cc1)c1ccc(S(=O)(=O)N)cc1,577d14b3,362.45,3.11,98.49,2,4,6,0.825,True,0
LIB_000451,Generated_Large_Library,all,O=C(Nc1cc(OC)c(OCC)cc1)c1ccc(S(=O)(=O)N)cc1,a0e9af4a,350.4,1.99,107.72,2,5,6,0.828,True,0
LIB_000452,Generated_Large_Library,all,O=C(Nc1ccc(F)cc1)c1ccc(N)cc1,eba6e66d,230.24,2.66,55.12,2,2,2,0.779,True,0
LIB_000453,Generated_Large_Library,all,O=C(Nc1ccc(Cl)cc1)c1ccc(N)cc1,b40d627a,246.7,3.17,55.12,2,2,2,0.8,True,0
LIB_000454,Generated_Large_Library,all,O=C(Nc1ccc(Br)cc1)c1ccc(N)cc1,6c47e5ca,291.15,3.28,55.12,2,2,2,0.834,True,0
LIB_000455,Generated_Large_Library,all,O=C(Nc1ccc(C)cc1)c1ccc(N)cc1,930cd2a7,226.28,2.83,55.12,2,2,2,0.773,True,0
LIB_000456,Generated_Large_Library,all,O=C(Nc1ccc(CC)cc1)c1ccc(N)cc1,18797742,240.31,3.08,55.12,2,2,3,0.81,True,0
LIB_000457,Generated_Large_Library,all,O=C(Nc1ccc(C(C)C)cc1)c1ccc(N)cc1,89121908,254.33,3.64,55.12,2,2,3,0.821,True,0
LIB_000458,Generated_Large_Library,all,O=C(Nc1ccc(OC)cc1)c1ccc(N)cc1,93aea625,242.28,2.53,64.35,2,3,3,0.813,True,0
LIB_000459,Generated_Large_Library,all,O=C(Nc1ccc(OCC)cc1)c1ccc(N)cc1,54faa9bc,256.31,2.92,64.35,2,3,4,0.827,True,0
LIB_000460,Generated_Large_Library,all,O=C(Nc1ccc(C#N)cc1)c1ccc(N)cc1,48706f07,237.26,2.39,78.91,2,3,2,0.787,True,0
LIB_000461,Generated_Large_Library,all,O=C(Nc1ccc(C(F)(F)F)cc1)c1ccc(N)cc1,c7b3ab30,280.25,3.54,55.12,2,2,2,0.827,True,0
LIB_000462,Generated_Large_Library,all,O=C(Nc1ccc(S(=O)(=O)N)cc1)c1ccc(N)cc1,918bdb8b,291.33,1.17,115.28,3,4,3,0.736,True,0
LIB_000463,Generated_Large_Library,all,O=C(Nc1ccc(N)cc1)c1ccc(N)cc1,28b4ca55,227.27,2.1,81.14,3,3,2,0.687,True,0
LIB_000464,Generated_Large_Library,all,O=C(Nc1ccc(O)cc1)c1ccc(N)cc1,5dd157d3,228.25,2.23,75.35,3,3,2,0.545,True,0
LIB_000465,Generated_Large_Library,all,O=C(Nc1cc(F)c(Cl)cc1)c1ccc(N)cc1,c356ee35,264.69,3.31,55.12,2,2,2,0.818,True,0
LIB_000466,Generated_Large_Library,all,O=C(Nc1cc(F)c(Br)cc1)c1ccc(N)cc1,bdc038b9,309.14,3.42,55.12,2,2,2,0.835,True,0
LIB_000467,Generated_Large_Library,all,O=C(Nc1cc(F)c(C)cc1)c1ccc(N)cc1,e130a95c,244.27,2.97,55.12,2,2,2,0.798,True,0
LIB_000468,Generated_Large_Library,all,O=C(Nc1cc(F)c(CC)cc1)c1ccc(N)cc1,fd63bc04,258.3,3.22,55.12,2,2,3,0.83,True,0
LIB_000469,Generated_Large_Library,all,O=C(Nc1cc(F)c(C(C)C)cc1)c1ccc(N)cc1,dc0edf92,272.32,3.78,55.12,2,2,3,0.835,True,0
LIB_000470,Generated_Large_Library,all,O=C(Nc1cc(F)c(OC)cc1)c1ccc(N)cc1,5159c7f6,260.27,2.67,64.35,2,3,3,0.834,True,0
LIB_000471,Generated_Large_Library,all,O=C(Nc1cc(F)c(OCC)cc1)c1ccc(N)cc1,ea81b4b6,274.29,3.06,64.35,2,3,4,0.842,True,0
LIB_000472,Generated_Large_Library,all,O=C(Nc1cc(Cl)c(Br)cc1)c1ccc(N)cc1,65b66dd5,325.59,3.94,55.12,2,2,2,0.822,True,0
LIB_000473,Generated_Large_Library,all,O=C(Nc1cc(Cl)c(C)cc1)c1ccc(N)cc1,63363a08,260.72,3.48,55.12,2,2,2,0.812,True,0
LIB_000474,Generated_Large_Library,all,O=C(Nc1cc(Cl)c(CC)cc1)c1ccc(N)cc1,d7208254,274.75,3.74,55.12,2,2,3,0.838,True,0
LIB_000475,Generated_Large_Library,all,O=C(Nc1cc(Cl)c(C(C)C)cc1)c1ccc(N)cc1,a782a758,288.78,4.3,55.12,2,2,3,0.828,True,0
LIB_000476,Generated_Large_Library,all,O=C(Nc1cc(Cl)c(OC)cc1)c1ccc(N)cc1,de269598,276.72,3.18,64.35,2,3,3,0.846,True,0
LIB_000477,Generated_Large_Library,all,O=C(Nc1cc(Cl)c(OCC)cc1)c1ccc(N)cc1,40edf608,290.75,3.57,64.35,2,3,4,0.846,True,0
LIB_000478,Generated_Large_Library,all,O=C(Nc1cc(Br)c(C)cc1)c1ccc(N)cc1,aa555551,305.18,3.59,55.12,2,2,2,0.833,True,0
LIB_000479,Generated_Large_Library,all,O=C(Nc1cc(Br)c(CC)cc1)c1ccc(N)cc1,dc8d53cc,319.2,3.85,55.12,2,2,3,0.845,True,0
LIB_000480,Generated_Large_Library,all,O=C(Nc1cc(Br)c(C(C)C)cc1)c1ccc(N)cc1,36bac5ac,333.23,4.41,55.12,2,2,3,0.818,True,0
LIB_000481,Generated_Large_Library,all,O=C(Nc1cc(Br)c(OC)cc1)c1ccc(N)cc1,6acbdde8,321.17,3.29,64.35,2,3,3,0.853,True,0
LIB_000482,Generated_Large_Library,all,O=C(Nc1cc(Br)c(OCC)cc1)c1ccc(N)cc1,c8326d66,335.2,3.68,64.35,2,3,4,0.838,True,0
LIB_000483,Generated_Large_Library,all,O=C(Nc1cc(C)c(CC)cc1)c1ccc(N)cc1,63569328,254.33,3.39,55.12,2,2,3,0.825,True,0
LIB_000484,Generated_Large_Library,all,O=C(Nc1cc(C)c(C(C)C)cc1)c1ccc(N)cc1,b8f3f5ef,268.36,3.95,55.12,2,2,3,0.828,True,0
LIB_000485,Generated_Large_Library,all,O=C(Nc1cc(C)c(OC)cc1)c1ccc(N)cc1,f2199eab,256.31,2.84,64.35,2,3,3,0.83,True,0
LIB_000486,Generated_Large_Library,all,O=C(Nc1cc(C)c(OCC)cc1)c1ccc(N)cc1,6e9c4a55,270.33,3.23,64.35,2,3,4,0.838,True,0
LIB_000487,Generated_Large_Library,all,O=C(Nc1cc(CC)c(C(C)C)cc1)c1ccc(N)cc1,c741450e,282.39,4.21,55.12,2,2,4,0.825,True,0
LIB_000488,Generated_Large_Library,all,O=C(Nc1cc(CC)c(OC)cc1)c1ccc(N)cc1,73893f17,270.33,3.09,64.35,2,3,4,0.839,True,0
LIB_000489,Generated_Large_Library,all,O=C(Nc1cc(CC)c(OCC)cc1)c1ccc(N)cc1,ab0db499,284.36,3.48,64.35,2,3,5,0.826,True,0
LIB_000490,Generated_Large_Library,all,O=C(Nc1cc(C(C)C)c(OC)cc1)c1ccc(N)cc1,0ef73890,284.36,3.65,64.35,2,3,4,0.842,True,0
LIB_000491,Generated_Large_Library,all,O=C(Nc1cc(C(C)C)c(OCC)cc1)c1ccc(N)cc1,d917bbb1,298.39,4.04,64.35,2,3,5,0.819,True,0
LIB_000492,Generated_Large_Library,all,O=C(Nc1cc(OC)c(OCC)cc1)c1ccc(N)cc1,1ff1029b,286.33,2.93,73.58,2,4,5,0.829,True,0
LIB_000493,Generated_Large_Library,all,O=C(Nc1ccc(F)cc1)c1ccc(O)cc1,01798df7,231.23,2.78,49.33,2,2,2,0.834,True,0
LIB_000494,Generated_Large_Library,all,O=C(Nc1ccc(Cl)cc1)c1ccc(O)cc1,720e3a4e,247.68,3.3,49.33,2,2,2,0.856,True,0
LIB_000495,Generated_Large_Library,all,O=C(Nc1ccc(Br)cc1)c1ccc(O)cc1,769bedbc,292.13,3.41,49.33,2,2,2,0.891,True,0
LIB_000496,Generated_Large_Library,all,O=C(Nc1ccc(C)cc1)c1ccc(O)cc1,58dcb207,227.26,2.95,49.33,2,2,2,0.828,True,0
LIB_000497,Generated_Large_Library,all,O=C(Nc1ccc(CC)cc1)c1ccc(O)cc1,92d46fc0,241.29,3.21,49.33,2,2,3,0.866,True,0
LIB_000498,Generated_Large_Library,all,O=C(Nc1ccc(C(C)C)cc1)c1ccc(O)cc1,e4ea5fc3,255.32,3.77,49.33,2,2,3,0.877,True,0
LIB_000499,Generated_Large_Library,all,O=C(Nc1ccc(OC)cc1)c1ccc(O)cc1,411d9708,243.26,2.65,58.56,2,3,3,0.871,True,0
LIB_000500,Generated_Large_Library,all,O=C(Nc1ccc(OCC)cc1)c1ccc(O)cc1,7c56131e,257.29,3.04,58.56,2,3,4,0.885,True,0
LIB_000501,Generated_Large_Library,all,O=C(Nc1ccc(C#N)cc1)c1ccc(O)cc1,69df3fda,238.25,2.52,73.12,2,3,2,0.844,True,0
LIB_000502,Generated_Large_Library,all,O=C(Nc1ccc(C(F)(F)F)cc1)c1ccc(O)cc1,883b198d,281.23,3.66,49.33,2,2,2,0.882,True,0
LIB_000503,Generated_Large_Library,all,O=C(Nc1ccc(S(=O)(=O)N)cc1)c1ccc(O)cc1,0a2b857b,292.32,1.29,109.49,3,4,3,0.791,True,0
LIB_000504,Generated_Large_Library,all,O=C(Nc1ccc(N)cc1)c1ccc(O)cc1,7ae98069,228.25,2.23,75.35,3,3,2,0.69,True,0
LIB_000505,Generated_Large_Library,all,O=C(Nc1ccc(O)cc1)c1ccc(O)cc1,0cc1580c,229.23,2.35,69.56,3,3,2,0.692,True,0
LIB_000506,Generated_Large_Library,all,O=C(Nc1cc(F)c(Cl)cc1)c1ccc(O)cc1,18a5b7f9,265.67,3.44,49.33,2,2,2,0.874,True,0
LIB_000507,Generated_Large_Library,all,O=C(Nc1cc(F)c(Br)cc1)c1ccc(O)cc1,d3d67eee,310.12,3.55,49.33,2,2,2,0.891,True,0
LIB_000508,Generated_Large_Library,all,O=C(Nc1cc(F)c(C)cc1)c1ccc(O)cc1,f9e55740,245.25,3.09,49.33,2,2,2,0.854,True,0
LIB_000509,Generated_Large_Library,all,O=C(Nc1cc(F)c(CC)cc1)c1ccc(O)cc1,a0a4f4de,259.28,3.35,49.33,2,2,3,0.888,True,0
LIB_000510,Generated_Large_Library,all,O=C(Nc1cc(F)c(C(C)C)cc1)c1ccc(O)cc1,a152e09c,273.31,3.91,49.33,2,2,3,0.89,True,0
LIB_000511,Generated_Large_Library,all,O=C(Nc1cc(F)c(OC)cc1)c1ccc(O)cc1,a51b9857,261.25,2.79,58.56,2,3,3,0.893,True,0
LIB_000512,Generated_Large_Library,all,O=C(Nc1cc(F)c(OCC)cc1)c1ccc(O)cc1,75eb95c4,275.28,3.18,58.56,2,3,4,0.901,True,0
LIB_000513,Generated_Large_Library,all,O=C(Nc1cc(Cl)c(Br)cc1)c1ccc(O)cc1,0bc06f45,326.58,4.06,49.33,2,2,2,0.874,True,0
LIB_000514,Generated_Large_Library,all,O=C(Nc1cc(Cl)c(C)cc1)c1ccc(O)cc1,af7de386,261.71,3.61,49.33,2,2,2,0.868,True,0
LIB_000515,Generated_Large_Library,all,O=C(Nc1cc(Cl)c(CC)cc1)c1ccc(O)cc1,a310a588,275.74,3.86,49.33,2,2,3,0.894,True,0
LIB_000516,Generated_Large_Library,all,O=C(Nc1cc(Cl)c(C(C)C)cc1)c1ccc(O)cc1,07b713e6,289.76,4.42,49.33,2,2,3,0.878,True,0
LIB_000517,Generated_Large_Library,all,O=C(Nc1cc(Cl)c(OC)cc1)c1ccc(O)cc1,41462775,277.71,3.31,58.56,2,3,3,0.905,True,0
LIB_000518,Generated_Large_Library,all,O=C(Nc1cc(Cl)c(OCC)cc1)c1ccc(O)cc1,ec26da71,291.73,3.7,58.56,2,3,4,0.903,True,0
LIB_000519,Generated_Large_Library,all,O=C(Nc1cc(Br)c(C)cc1)c1ccc(O)cc1,64438613,306.16,3.72,49.33,2,2,2,0.888,True,0
LIB_000520,Generated_Large_Library,all,O=C(Nc1cc(Br)c(CC)cc1)c1ccc(O)cc1,981c5350,320.19,3.97,49.33,2,2,3,0.899,True,0
LIB_000521,Generated_Large_Library,all,O=C(Nc1cc(Br)c(C(C)C)cc1)c1ccc(O)cc1,b7fe0c0b,334.21,4.53,49.33,2,2,3,0.866,True,0
LIB_000522,Generated_Large_Library,all,O=C(Nc1cc(Br)c(OC)cc1)c1ccc(O)cc1,3acc9c6c,322.16,3.42,58.56,2,3,3,0.91,True,0
LIB_000523,Generated_Large_Library,all,O=C(Nc1cc(Br)c(OCC)cc1)c1ccc(O)cc1,29c510c0,336.19,3.81,58.56,2,3,4,0.893,True,0
LIB_000524,Generated_Large_Library,all,O=C(Nc1cc(C)c(CC)cc1)c1ccc(O)cc1,bf3b4606,255.32,3.52,49.33,2,2,3,0.881,True,0
LIB_000525,Generated_Large_Library,all,O=C(Nc1cc(C)c(C(C)C)cc1)c1ccc(O)cc1,2679abe7,269.34,4.08,49.33,2,2,3,0.882,True,0
LIB_000526,Generated_Large_Library,all,O=C(Nc1cc(C)c(OC)cc1)c1ccc(O)cc1,df7158ec,257.29,2.96,58.56,2,3,3,0.888,True,0
LIB_000527,Generated_Large_Library,all,O=C(Nc1cc(C)c(OCC)cc1)c1ccc(O)cc1,b6e8188b,271.32,3.35,58.56,2,3,4,0.896,True,0
LIB_000528,Generated_Large_Library,all,O=C(Nc1cc(CC)c(C(C)C)cc1)c1ccc(O)cc1,c6b5f5f3,283.37,4.33,49.33,2,2,4,0.877,True,0
LIB_000529,Generated_Large_Library,all,O=C(Nc1cc(CC)c(OC)cc1)c1ccc(O)cc1,80df7d1e,271.32,3.22,58.56,2,3,4,0.897,True,0
LIB_000530,Generated_Large_Library,all,O=C(Nc1cc(CC)c(OCC)cc1)c1ccc(O)cc1,7e6df6f8,285.34,3.61,58.56,2,3,5,0.882,True,0
LIB_000531,Generated_Large_Library,all,O=C(Nc1cc(C(C)C)c(OC)cc1)c1ccc(O)cc1,23d28dc5,285.34,3.78,58.56,2,3,4,0.898,True,0
LIB_000532,Generated_Large_Library,all,O=C(Nc1cc(C(C)C)c(OCC)cc1)c1ccc(O)cc1,2c84bee9,299.37,4.17,58.56,2,3,5,0.871,True,0
LIB_000533,Generated_Large_Library,all,O=C(Nc1cc(OC)c(OCC)cc1)c1ccc(O)cc1,78989cd9,287.31,3.05,67.79,2,4,5,0.887,True,0
LIB_000534,Generated_Large_Library,all,O=C(Nc1ccc(F)cc1)c1cc(F)c(Cl)cc1,786f806e,267.66,3.87,29.1,1,1,2,0.879,True,0
LIB_000535,Generated_Large_Library,all,O=C(Nc1ccc(Cl)cc1)c1cc(F)c(Cl)cc1,667b83b9,284.12,4.38,29.1,1,1,2,0.87,True,0
LIB_000536,Generated_Large_Library,all,O=C(Nc1ccc(Br)cc1)c1cc(F)c(Cl)cc1,f62717ea,328.57,4.49,29.1,1,1,2,0.864,True,0
LIB_000537,Generated_Large_Library,all,O=C(Nc1ccc(C)cc1)c1cc(F)c(Cl)cc1,63322bc6,263.7,4.04,29.1,1,1,2,0.87,True,0
LIB_000538,Generated_Large_Library,all,O=C(Nc1ccc(CC)cc1)c1cc(F)c(Cl)cc1,cb645297,277.73,4.29,29.1,1,1,3,0.891,True,0
LIB_000539,Generated_Large_Library,all,O=C(Nc1ccc(C(C)C)cc1)c1cc(F)c(Cl)cc1,352a185e,291.75,4.85,29.1,1,1,3,0.86,True,0
LIB_000540,Generated_Large_Library,all,O=C(Nc1ccc(OC)cc1)c1cc(F)c(Cl)cc1,67676505,279.7,3.74,38.33,1,2,3,0.929,True,0
LIB_000541,Generated_Large_Library,all,O=C(Nc1ccc(OCC)cc1)c1cc(F)c(Cl)cc1,60c42251,293.73,4.13,38.33,1,2,4,0.92,True,0
LIB_000542,Generated_Large_Library,all,O=C(Nc1ccc(C#N)cc1)c1cc(F)c(Cl)cc1,ab788b0e,274.68,3.6,52.89,1,2,2,0.909,True,0
LIB_000543,Generated_Large_Library,all,O=C(Nc1ccc(C(F)(F)F)cc1)c1cc(F)c(Cl)cc1,1a05e431,317.67,4.75,29.1,1,1,2,0.796,True,0
LIB_000544,Generated_Large_Library,all,O=C(Nc1ccc(S(=O)(=O)N)cc1)c1cc(F)c(Cl)cc1,8c791115,328.75,2.38,89.26,2,3,3,0.906,True,0
LIB_000545,Generated_Large_Library,all,O=C(Nc1ccc(N)cc1)c1cc(F)c(Cl)cc1,54ea663e,264.69,3.31,55.12,2,2,2,0.818,True,0
LIB_000546,Generated_Large_Library,all,O=C(Nc1ccc(O)cc1)c1cc(F)c(Cl)cc1,e79a9a3e,265.67,3.44,49.33,2,2,2,0.817,True,0
LIB_000547,Generated_Large_Library,all,O=C(Nc1cc(F)c(Cl)cc1)c1cc(F)c(Cl)cc1,96e114e3,302.11,4.52,29.1,1,1,2,0.868,True,0
LIB_000548,Generated_Large_Library,all,O=C(Nc1cc(F)c(Br)cc1)c1cc(F)c(Cl)cc1,a0e9250e,346.56,4.63,29.1,1,1,2,0.844,True,0
LIB_000549,Generated_Large_Library,all,O=C(Nc1cc(F)c(C)cc1)c1cc(F)c(Cl)cc1,2d63d327,281.69,4.18,29.1,1,1,2,0.879,True,0
LIB_000550,Generated_Large_Library,all,O=C(Nc1cc(F)c(CC)cc1)c1cc(F)c(Cl)cc1,e6d969ef,295.72,4.43,29.1,1,1,3,0.891,True,0
LIB_000551,Generated_Large_Library,all,O=C(Nc1cc(F)c(C(C)C)cc1)c1cc(F)c(Cl)cc1,19e148b6,309.74,4.99,29.1,1,1,3,0.85,True,0
LIB_000552,Generated_Large_Library,all,O=C(Nc1cc(F)c(OC)cc1)c1cc(F)c(Cl)cc1,d8c6a60e,297.69,3.88,38.33,1,2,3,0.933,True,0
LIB_000553,Generated_Large_Library,all,O=C(Nc1cc(F)c(OCC)cc1)c1cc(F)c(Cl)cc1,41264628,311.71,4.27,38.33,1,2,4,0.915,True,0
LIB_000554,Generated_Large_Library,all,O=C(Nc1cc(Cl)c(Br)cc1)c1cc(F)c(Cl)cc1,2a27198a,363.01,5.15,29.1,1,1,2,0.786,False,1
LIB_000555,Generated_Large_Library,all,O=C(Nc1cc(Cl)c(C)cc1)c1cc(F)c(Cl)cc1,bb7b1173,298.14,4.69,29.1,1,1,2,0.856,True,0
LIB_000556,Generated_Large_Library,all,O=C(Nc1cc(Cl)c(CC)cc1)c1cc(F)c(Cl)cc1,7b94ea9e,312.17,4.95,29.1,1,1,3,0.854,True,0
LIB_000557,Generated_Large_Library,all,O=C(Nc1cc(Cl)c(C(C)C)cc1)c1cc(F)c(Cl)cc1,9238fe42,326.2,5.51,29.1,1,1,3,0.792,False,1
LIB_000558,Generated_Large_Library,all,O=C(Nc1cc(Cl)c(OC)cc1)c1cc(F)c(Cl)cc1,1cc85d66,314.14,4.39,38.33,1,2,3,0.912,True,0
LIB_000559,Generated_Large_Library,all,O=C(Nc1cc(Cl)c(OCC)cc1)c1cc(F)c(Cl)cc1,4f8461cc,328.17,4.78,38.33,1,2,4,0.877,True,0
LIB_000560,Generated_Large_Library,all,O=C(Nc1cc(Br)c(C)cc1)c1cc(F)c(Cl)cc1,6cf860b7,342.6,4.8,29.1,1,1,2,0.834,True,0
LIB_000561,Generated_Large_Library,all,O=C(Nc1cc(Br)c(CC)cc1)c1cc(F)c(Cl)cc1,ca7abd62,356.62,5.06,29.1,1,1,3,0.818,False,1
LIB_000562,Generated_Large_Library,all,O=C(Nc1cc(Br)c(C(C)C)cc1)c1cc(F)c(Cl)cc1,f78396d7,370.65,5.62,29.1,1,1,3,0.746,False,1
LIB_000563,Generated_Large_Library,all,O=C(Nc1cc(Br)c(OC)cc1)c1cc(F)c(Cl)cc1,d223bfe3,358.59,4.5,38.33,1,2,3,0.877,True,0
LIB_000564,Generated_Large_Library,all,O=C(Nc1cc(Br)c(OCC)cc1)c1cc(F)c(Cl)cc1,c921acb9,372.62,4.89,38.33,1,2,4,0.829,True,0
LIB_000565,Generated_Large_Library,all,O=C(Nc1cc(C)c(CC)cc1)c1cc(F)c(Cl)cc1,b068afa2,291.75,4.6,29.1,1,1,3,0.879,True,0
LIB_000566,Generated_Large_Library,all,O=C(Nc1cc(C)c(C(C)C)cc1)c1cc(F)c(Cl)cc1,449dfc86,305.78,5.16,29.1,1,1,3,0.833,False,1
LIB_000567,Generated_Large_Library,all,O=C(Nc1cc(C)c(OC)cc1)c1cc(F)c(Cl)cc1,6810743a,293.73,4.05,38.33,1,2,3,0.927,True,0
LIB_000568,Generated_Large_Library,all,O=C(Nc1cc(C)c(OCC)cc1)c1cc(F)c(Cl)cc1,e9d36cac,307.75,4.44,38.33,1,2,4,0.907,True,0
LIB_000569,Generated_Large_Library,all,O=C(Nc1cc(CC)c(C(C)C)cc1)c1cc(F)c(Cl)cc1,85d85c69,319.81,5.42,29.1,1,1,4,0.801,False,1
LIB_000570,Generated_Large_Library,all,O=C(Nc1cc(CC)c(OC)cc1)c1cc(F)c(Cl)cc1,9ec9d86e,307.75,4.3,38.33,1,2,4,0.914,True,0
LIB_000571,Generated_Large_Library,all,O=C(Nc1cc(CC)c(OCC)cc1)c1cc(F)c(Cl)cc1,0d573287,321.78,4.69,38.33,1,2,5,0.867,True,0
LIB_000572,Generated_Large_Library,all,O=C(Nc1cc(C(C)C)c(OC)cc1)c1cc(F)c(Cl)cc1,81442cdd,321.78,4.86,38.33,1,2,4,0.873,True,0
LIB_000573,Generated_Large_Library,all,O=C(Nc1cc(C(C)C)c(OCC)cc1)c1cc(F)c(Cl)cc1,485490eb,335.81,5.25,38.33,1,2,5,0.81,False,1
LIB_000574,Generated_Large_Library,all,O=C(Nc1cc(OC)c(OCC)cc1)c1cc(F)c(Cl)cc1,80778478,323.75,4.14,47.56,1,3,5,0.899,True,0
LIB_000575,Generated_Large_Library,all,O=C(Nc1ccc(F)cc1)c1cc(F)c(Br)cc1,e907cbbf,312.11,3.98,29.1,1,1,2,0.893,True,0
LIB_000576,Generated_Large_Library,all,O=C(Nc1ccc(Cl)cc1)c1cc(F)c(Br)cc1,0ae48f85,328.57,4.49,29.1,1,1,2,0.864,True,0
LIB_000577,Generated_Large_Library,all,O=C(Nc1ccc(Br)cc1)c1cc(F)c(Br)cc1,76592b0b,373.02,4.6,29.1,1,1,2,0.819,True,0
LIB_000578,Generated_Large_Library,all,O=C(Nc1ccc(C)cc1)c1cc(F)c(Br)cc1,3a6588c8,308.15,4.15,29.1,1,1,2,0.887,True,0
LIB_000579,Generated_Large_Library,all,O=C(Nc1ccc(CC)cc1)c1cc(F)c(Br)cc1,e2c5fc11,322.18,4.4,29.1,1,1,3,0.891,True,0
LIB_000580,Generated_Large_Library,all,O=C(Nc1ccc(C(C)C)cc1)c1cc(F)c(Br)cc1,baeb9d0f,336.2,4.96,29.1,1,1,3,0.843,True,0
LIB_000581,Generated_Large_Library,all,O=C(Nc1ccc(OC)cc1)c1cc(F)c(Br)cc1,bff8f9b0,324.15,3.85,38.33,1,2,3,0.931,True,0
LIB_000582,Generated_Large_Library,all,O=C(Nc1ccc(OCC)cc1)c1cc(F)c(Br)cc1,48472963,338.18,4.24,38.33,1,2,4,0.906,True,0
LIB_000583,Generated_Large_Library,all,O=C(Nc1ccc(C#N)cc1)c1cc(F)c(Br)cc1,6ba56024,319.13,3.71,52.89,1,2,2,0.917,True,0
LIB_000584,Generated_Large_Library,all,O=C(Nc1ccc(C(F)(F)F)cc1)c1cc(F)c(Br)cc1,cb9b6acb,362.12,4.86,29.1,1,1,2,0.76,True,0
LIB_000585,Generated_Large_Library,all,O=C(Nc1ccc(S(=O)(=O)N)cc1)c1cc(F)c(Br)cc1,03893660,373.2,2.49,89.26,2,3,3,0.866,True,0
LIB_000586,Generated_Large_Library,all,O=C(Nc1ccc(N)cc1)c1cc(F)c(Br)cc1,c5fdea51,309.14,3.42,55.12,2,2,2,0.835,True,0
LIB_000587,Generated_Large_Library,all,O=C(Nc1ccc(O)cc1)c1cc(F)c(Br)cc1,bc8719e6,310.12,3.55,49.33,2,2,2,0.834,True,0
LIB_000588,Generated_Large_Library,all,O=C(Nc1cc(F)c(Cl)cc1)c1cc(F)c(Br)cc1,949a073c,346.56,4.63,29.1,1,1,2,0.844,True,0
LIB_000589,Generated_Large_Library,all,O=C(Nc1cc(F)c(Br)cc1)c1cc(F)c(Br)cc1,38478c08,391.01,4.74,29.1,1,1,2,0.788,True,0
LIB_000590,Generated_Large_Library,all,O=C(Nc1cc(F)c(C)cc1)c1cc(F)c(Br)cc1,ac77466b,326.14,4.29,29.1,1,1,2,0.876,True,0
LIB_000591,Generated_Large_Library,all,O=C(Nc1cc(F)c(CC)cc1)c1cc(F)c(Br)cc1,185f6c40,340.17,4.54,29.1,1,1,3,0.873,True,0
LIB_000592,Generated_Large_Library,all,O=C(Nc1cc(F)c(C(C)C)cc1)c1cc(F)c(Br)cc1,f86a13dd,354.19,5.1,29.1,1,1,3,0.816,False,1
LIB_000593,Generated_Large_Library,all,O=C(Nc1cc(F)c(OC)cc1)c1cc(F)c(Br)cc1,94861c9c,342.14,3.99,38.33,1,2,3,0.916,True,0
LIB_000594,Generated_Large_Library,all,O=C(Nc1cc(F)c(OCC)cc1)c1cc(F)c(Br)cc1,fe535b6f,356.17,4.38,38.33,1,2,4,0.883,True,0
LIB_000595,Generated_Large_Library,all,O=C(Nc1cc(Cl)c(Br)cc1)c1cc(F)c(Br)cc1,a7c07c14,407.46,5.26,29.1,1,1,2,0.723,False,1
LIB_000596,Generated_Large_Library,all,O=C(Nc1cc(Cl)c(C)cc1)c1cc(F)c(Br)cc1,c075c869,342.6,4.8,29.1,1,1,2,0.834,True,0
LIB_000597,Generated_Large_Library,all,O=C(Nc1cc(Cl)c(CC)cc1)c1cc(F)c(Br)cc1,cc962431,356.62,5.06,29.1,1,1,3,0.818,False,1
LIB_000598,Generated_Large_Library,all,O=C(Nc1cc(Cl)c(C(C)C)cc1)c1cc(F)c(Br)cc1,aa882d9e,370.65,5.62,29.1,1,1,3,0.746,False,1
LIB_000599,Generated_Large_Library,all,O=C(Nc1cc(Cl)c(OC)cc1)c1cc(F)c(Br)cc1,a9409109,358.59,4.5,38.33,1,2,3,0.877,True,0
LIB_000600,Generated_Large_Library,all,O=C(Nc1cc(Cl)c(OCC)cc1)c1cc(F)c(Br)cc1,3e0d58a3,372.62,4.89,38.33,1,2,4,0.829,True,0
LIB_000601,Generated_Large_Library,all,O=C(Nc1cc(Br)c(C)cc1)c1cc(F)c(Br)cc1,c4198852,387.05,4.91,29.1,1,1,2,0.78,True,0
LIB_000602,Generated_Large_Library,all,O=C(Nc1cc(Br)c(CC)cc1)c1cc(F)c(Br)cc1,79d944c5,401.07,5.17,29.1,1,1,3,0.756,False,1
LIB_000603,Generated_Large_Library,all,O=C(Nc1cc(Br)c(C(C)C)cc1)c1cc(F)c(Br)cc1,4df4e274,415.1,5.73,29.1,1,1,3,0.682,False,1
LIB_000604,Generated_Large_Library,all,O=C(Nc1cc(Br)c(OC)cc1)c1cc(F)c(Br)cc1,6b9ae21f,403.05,4.61,38.33,1,2,3,0.813,True,0
LIB_000605,Generated_Large_Library,all,O=C(Nc1cc(Br)c(OCC)cc1)c1cc(F)c(Br)cc1,58d89548,417.07,5.0,38.33,1,2,4,0.761,False,1
LIB_000606,Generated_Large_Library,all,O=C(Nc1cc(C)c(CC)cc1)c1cc(F)c(Br)cc1,3c636df9,336.2,4.71,29.1,1,1,3,0.864,True,0
LIB_000607,Generated_Large_Library,all,O=C(Nc1cc(C)c(C(C)C)cc1)c1cc(F)c(Br)cc1,9396459e,350.23,5.27,29.1,1,1,3,0.803,False,1
LIB_000608,Generated_Large_Library,all,O=C(Nc1cc(C)c(OC)cc1)c1cc(F)c(Br)cc1,eb7cec35,338.18,4.16,38.33,1,2,3,0.913,True,0
LIB_000609,Generated_Large_Library,all,O=C(Nc1cc(C)c(OCC)cc1)c1cc(F)c(Br)cc1,69e1b507,352.2,4.55,38.33,1,2,4,0.877,True,0
LIB_000610,Generated_Large_Library,all,O=C(Nc1cc(CC)c(C(C)C)cc1)c1cc(F)c(Br)cc1,27443482,364.26,5.53,29.1,1,1,4,0.76,False,1
LIB_000611,Generated_Large_Library,all,O=C(Nc1cc(CC)c(OC)cc1)c1cc(F)c(Br)cc1,aeac576d,352.2,4.41,38.33,1,2,4,0.885,True,0
LIB_000612,Generated_Large_Library,all,O=C(Nc1cc(CC)c(OCC)cc1)c1cc(F)c(Br)cc1,bc4bdcdc,366.23,4.8,38.33,1,2,5,0.826,True,0
LIB_000613,Generated_Large_Library,all,O=C(Nc1cc(C(C)C)c(OC)cc1)c1cc(F)c(Br)cc1,d3b2c150,366.23,4.97,38.33,1,2,4,0.83,True,0
LIB_000614,Generated_Large_Library,all,O=C(Nc1cc(C(C)C)c(OCC)cc1)c1cc(F)c(Br)cc1,0f725cf9,380.26,5.36,38.33,1,2,5,0.758,False,1
LIB_000615,Generated_Large_Library,all,O=C(Nc1cc(OC)c(OCC)cc1)c1cc(F)c(Br)cc1,af64e0c3,368.2,4.25,47.56,1,3,5,0.859,True,0
LIB_000616,Generated_Large_Library,all,O=C(Nc1ccc(F)cc1)c1cc(F)c(C)cc1,620ce3d5,247.24,3.53,29.1,1,1,2,0.864,True,0
LIB_000617,Generated_Large_Library,all,O=C(Nc1ccc(Cl)cc1)c1cc(F)c(C)cc1,767d5b88,263.7,4.04,29.1,1,1,2,0.87,True,0
LIB_000618,Generated_Large_Library,all,O=C(Nc1ccc(Br)cc1)c1cc(F)c(C)cc1,6c860709,308.15,4.15,29.1,1,1,2,0.887,True,0
LIB_000619,Generated_Large_Library,all,O=C(Nc1ccc(C)cc1)c1cc(F)c(C)cc1,d8a6d973,243.28,3.69,29.1,1,1,2,0.856,True,0
LIB_000620,Generated_Large_Library,all,O=C(Nc1ccc(CC)cc1)c1cc(F)c(C)cc1,82f41fba,257.31,3.95,29.1,1,1,3,0.886,True,0
LIB_000621,Generated_Large_Library,all,O=C(Nc1ccc(C(C)C)cc1)c1cc(F)c(C)cc1,8759e970,271.33,4.51,29.1,1,1,3,0.874,True,0
LIB_000622,Generated_Large_Library,all,O=C(Nc1ccc(OC)cc1)c1cc(F)c(C)cc1,6a35903d,259.28,3.4,38.33,1,2,3,0.917,True,0
LIB_000623,Generated_Large_Library,all,O=C(Nc1ccc(OCC)cc1)c1cc(F)c(C)cc1,ff5f22af,273.31,3.79,38.33,1,2,4,0.92,True,0
LIB_000624,Generated_Large_Library,all,O=C(Nc1ccc(C#N)cc1)c1cc(F)c(C)cc1,012382e8,254.26,3.26,52.89,1,2,2,0.894,True,0
LIB_000625,Generated_Large_Library,all,O=C(Nc1ccc(C(F)(F)F)cc1)c1cc(F)c(C)cc1,14f043e5,297.25,4.41,29.1,1,1,2,0.818,True,0
LIB_000626,Generated_Large_Library,all,O=C(Nc1ccc(S(=O)(=O)N)cc1)c1cc(F)c(C)cc1,b33186a4,308.33,2.03,89.26,2,3,3,0.909,True,0
LIB_000627,Generated_Large_Library,all,O=C(Nc1ccc(N)cc1)c1cc(F)c(C)cc1,58435b84,244.27,2.97,55.12,2,2,2,0.798,True,0
LIB_000628,Generated_Large_Library,all,O=C(Nc1ccc(O)cc1)c1cc(F)c(C)cc1,3c0526d3,245.25,3.09,49.33,2,2,2,0.799,True,0
LIB_000629,Generated_Large_Library,all,O=C(Nc1cc(F)c(Cl)cc1)c1cc(F)c(C)cc1,05abf6c0,281.69,4.18,29.1,1,1,2,0.879,True,0
LIB_000630,Generated_Large_Library,all,O=C(Nc1cc(F)c(Br)cc1)c1cc(F)c(C)cc1,b66e6726,326.14,4.29,29.1,1,1,2,0.876,True,0
LIB_000631,Generated_Large_Library,all,O=C(Nc1cc(F)c(C)cc1)c1cc(F)c(C)cc1,cd722246,261.27,3.83,29.1,1,1,2,0.874,True,0
LIB_000632,Generated_Large_Library,all,O=C(Nc1cc(F)c(CC)cc1)c1cc(F)c(C)cc1,ff548337,275.3,4.09,29.1,1,1,3,0.898,True,0
LIB_000633,Generated_Large_Library,all,O=C(Nc1cc(F)c(C(C)C)cc1)c1cc(F)c(C)cc1,366a9ca5,289.32,4.65,29.1,1,1,3,0.875,True,0
LIB_000634,Generated_Large_Library,all,O=C(Nc1cc(F)c(OC)cc1)c1cc(F)c(C)cc1,c9f5ad03,277.27,3.53,38.33,1,2,3,0.932,True,0
LIB_000635,Generated_Large_Library,all,O=C(Nc1cc(F)c(OCC)cc1)c1cc(F)c(C)cc1,5c509370,291.3,3.92,38.33,1,2,4,0.927,True,0
LIB_000636,Generated_Large_Library,all,O=C(Nc1cc(Cl)c(Br)cc1)c1cc(F)c(C)cc1,49240f39,342.6,4.8,29.1,1,1,2,0.834,True,0
LIB_000637,Generated_Large_Library,all,O=C(Nc1cc(Cl)c(C)cc1)c1cc(F)c(C)cc1,afa2189e,277.73,4.35,29.1,1,1,2,0.869,True,0
LIB_000638,Generated_Large_Library,all,O=C(Nc1cc(Cl)c(CC)cc1)c1cc(F)c(C)cc1,04b8ec12,291.75,4.6,29.1,1,1,3,0.879,True,0
LIB_000639,Generated_Large_Library,all,O=C(Nc1cc(Cl)c(C(C)C)cc1)c1cc(F)c(C)cc1,59fa1178,305.78,5.16,29.1,1,1,3,0.833,False,1
LIB_000640,Generated_Large_Library,all,O=C(Nc1cc(Cl)c(OC)cc1)c1cc(F)c(C)cc1,b7dd5150,293.73,4.05,38.33,1,2,3,0.927,True,0
LIB_000641,Generated_Large_Library,all,O=C(Nc1cc(Cl)c(OCC)cc1)c1cc(F)c(C)cc1,4771b1a0,307.75,4.44,38.33,1,2,4,0.907,True,0
LIB_000642,Generated_Large_Library,all,O=C(Nc1cc(Br)c(C)cc1)c1cc(F)c(C)cc1,7b0c5762,322.18,4.46,29.1,1,1,2,0.869,True,0
LIB_000643,Generated_Large_Library,all,O=C(Nc1cc(Br)c(CC)cc1)c1cc(F)c(C)cc1,4d1e65de,336.2,4.71,29.1,1,1,3,0.864,True,0
LIB_000644,Generated_Large_Library,all,O=C(Nc1cc(Br)c(C(C)C)cc1)c1cc(F)c(C)cc1,9a6269ae,350.23,5.27,29.1,1,1,3,0.803,False,1
LIB_000645,Generated_Large_Library,all,O=C(Nc1cc(Br)c(OC)cc1)c1cc(F)c(C)cc1,d4b6ca40,338.18,4.16,38.33,1,2,3,0.913,True,0
LIB_000646,Generated_Large_Library,all,O=C(Nc1cc(Br)c(OCC)cc1)c1cc(F)c(C)cc1,45b7f2e8,352.2,4.55,38.33,1,2,4,0.877,True,0
LIB_000647,Generated_Large_Library,all,O=C(Nc1cc(C)c(CC)cc1)c1cc(F)c(C)cc1,887a4a0f,271.33,4.26,29.1,1,1,3,0.888,True,0
LIB_000648,Generated_Large_Library,all,O=C(Nc1cc(C)c(C(C)C)cc1)c1cc(F)c(C)cc1,9dfd503e,285.36,4.82,29.1,1,1,3,0.86,True,0
LIB_000649,Generated_Large_Library,all,O=C(Nc1cc(C)c(OC)cc1)c1cc(F)c(C)cc1,dfe90dda,273.31,3.7,38.33,1,2,3,0.926,True,0
LIB_000650,Generated_Large_Library,all,O=C(Nc1cc(C)c(OCC)cc1)c1cc(F)c(C)cc1,f0e24d3e,287.33,4.09,38.33,1,2,4,0.919,True,0
LIB_000651,Generated_Large_Library,all,O=C(Nc1cc(CC)c(C(C)C)cc1)c1cc(F)c(C)cc1,0bc2626d,299.39,5.07,29.1,1,1,4,0.838,False,1
LIB_000652,Generated_Large_Library,all,O=C(Nc1cc(CC)c(OC)cc1)c1cc(F)c(C)cc1,eb6b5cb1,287.33,3.96,38.33,1,2,4,0.924,True,0
LIB_000653,Generated_Large_Library,all,O=C(Nc1cc(CC)c(OCC)cc1)c1cc(F)c(C)cc1,4eff9f79,301.36,4.35,38.33,1,2,5,0.891,True,0
LIB_000654,Generated_Large_Library,all,O=C(Nc1cc(C(C)C)c(OC)cc1)c1cc(F)c(C)cc1,863bfcae,301.36,4.52,38.33,1,2,4,0.901,True,0
LIB_000655,Generated_Large_Library,all,O=C(Nc1cc(C(C)C)c(OCC)cc1)c1cc(F)c(C)cc1,70a8fae8,315.39,4.91,38.33,1,2,5,0.851,True,0
LIB_000656,Generated_Large_Library,all,O=C(Nc1cc(OC)c(OCC)cc1)c1cc(F)c(C)cc1,639adc5c,303.33,3.79,47.56,1,3,5,0.914,True,0
LIB_000657,Generated_Large_Library,all,O=C(Nc1ccc(F)cc1)c1cc(F)c(CC)cc1,317d4c44,261.27,3.78,29.1,1,1,3,0.895,True,0
LIB_000658,Generated_Large_Library,all,O=C(Nc1ccc(Cl)cc1)c1cc(F)c(CC)cc1,3a6e8b58,277.73,4.29,29.1,1,1,3,0.891,True,0
LIB_000659,Generated_Large_Library,all,O=C(Nc1ccc(Br)cc1)c1cc(F)c(CC)cc1,4f3a1be4,322.18,4.4,29.1,1,1,3,0.891,True,0
LIB_000660,Generated_Large_Library,all,O=C(Nc1ccc(C)cc1)c1cc(F)c(CC)cc1,d14ccddc,257.31,3.95,29.1,1,1,3,0.886,True,0
LIB_000661,Generated_Large_Library,all,O=C(Nc1ccc(CC)cc1)c1cc(F)c(CC)cc1,f5d53a31,271.33,4.2,29.1,1,1,4,0.887,True,0
LIB_000662,Generated_Large_Library,all,O=C(Nc1ccc(C(C)C)cc1)c1cc(F)c(CC)cc1,43dbce0f,285.36,4.76,29.1,1,1,4,0.861,True,0
LIB_000663,Generated_Large_Library,all,O=C(Nc1ccc(OC)cc1)c1cc(F)c(CC)cc1,3f13a9c0,273.31,3.65,38.33,1,2,4,0.923,True,0
LIB_000664,Generated_Large_Library,all,O=C(Nc1ccc(OCC)cc1)c1cc(F)c(CC)cc1,4dcd9c58,287.33,4.04,38.33,1,2,5,0.901,True,0
LIB_000665,Generated_Large_Library,all,O=C(Nc1ccc(C#N)cc1)c1cc(F)c(CC)cc1,950f2008,268.29,3.51,52.89,1,2,3,0.926,True,0
LIB_000666,Generated_Large_Library,all,O=C(Nc1ccc(C(F)(F)F)cc1)c1cc(F)c(CC)cc1,305b8869,311.28,4.66,29.1,1,1,3,0.821,True,0
LIB_000667,Generated_Large_Library,all,O=C(Nc1ccc(S(=O)(=O)N)cc1)c1cc(F)c(CC)cc1,66c4d16d,322.36,2.29,89.26,2,3,4,0.905,True,0
LIB_000668,Generated_Large_Library,all,O=C(Nc1ccc(N)cc1)c1cc(F)c(CC)cc1,a1ae9969,258.3,3.22,55.12,2,2,3,0.83,True,0
LIB_000669,Generated_Large_Library,all,O=C(Nc1ccc(O)cc1)c1cc(F)c(CC)cc1,4d5285f2,259.28,3.35,49.33,2,2,3,0.83,True,0
LIB_000670,Generated_Large_Library,all,O=C(Nc1cc(F)c(Cl)cc1)c1cc(F)c(CC)cc1,8803b072,295.72,4.43,29.1,1,1,3,0.891,True,0
LIB_000671,Generated_Large_Library,all,O=C(Nc1cc(F)c(Br)cc1)c1cc(F)c(CC)cc1,c4855054,340.17,4.54,29.1,1,1,3,0.873,True,0
LIB_000672,Generated_Large_Library,all,O=C(Nc1cc(F)c(C)cc1)c1cc(F)c(CC)cc1,ef87021a,275.3,4.09,29.1,1,1,3,0.898,True,0
LIB_000673,Generated_Large_Library,all,O=C(Nc1cc(F)c(CC)cc1)c1cc(F)c(CC)cc1,ae2a6f8f,289.32,4.34,29.1,1,1,4,0.891,True,0
LIB_000674,Generated_Large_Library,all,O=C(Nc1cc(F)c(C(C)C)cc1)c1cc(F)c(CC)cc1,c82db420,303.35,4.9,29.1,1,1,4,0.855,True,0
LIB_000675,Generated_Large_Library,all,O=C(Nc1cc(F)c(OC)cc1)c1cc(F)c(CC)cc1,4959af69,291.3,3.79,38.33,1,2,4,0.93,True,0
LIB_000676,Generated_Large_Library,all,O=C(Nc1cc(F)c(OCC)cc1)c1cc(F)c(CC)cc1,8a223497,305.32,4.18,38.33,1,2,5,0.9,True,0
LIB_000677,Generated_Large_Library,all,O=C(Nc1cc(Cl)c(Br)cc1)c1cc(F)c(CC)cc1,dfabae38,356.62,5.06,29.1,1,1,3,0.818,False,1
LIB_000678,Generated_Large_Library,all,O=C(Nc1cc(Cl)c(C)cc1)c1cc(F)c(CC)cc1,87c5e959,291.75,4.6,29.1,1,1,3,0.879,True,0
LIB_000679,Generated_Large_Library,all,O=C(Nc1cc(Cl)c(CC)cc1)c1cc(F)c(CC)cc1,82cec20a,305.78,4.86,29.1,1,1,4,0.859,True,0
LIB_000680,Generated_Large_Library,all,O=C(Nc1cc(Cl)c(C(C)C)cc1)c1cc(F)c(CC)cc1,66c18d2a,319.81,5.42,29.1,1,1,4,0.801,False,1
LIB_000681,Generated_Large_Library,all,O=C(Nc1cc(Cl)c(OC)cc1)c1cc(F)c(CC)cc1,b0676248,307.75,4.3,38.33,1,2,4,0.914,True,0
LIB_000682,Generated_Large_Library,all,O=C(Nc1cc(Cl)c(OCC)cc1)c1cc(F)c(CC)cc1,419426f9,321.78,4.69,38.33,1,2,5,0.867,True,0
LIB_000683,Generated_Large_Library,all,O=C(Nc1cc(Br)c(C)cc1)c1cc(F)c(CC)cc1,ed218980,336.2,4.71,29.1,1,1,3,0.864,True,0
LIB_000684,Generated_Large_Library,all,O=C(Nc1cc(Br)c(CC)cc1)c1cc(F)c(CC)cc1,cdfc2972,350.23,4.97,29.1,1,1,4,0.829,True,0
LIB_000685,Generated_Large_Library,all,O=C(Nc1cc(Br)c(C(C)C)cc1)c1cc(F)c(CC)cc1,0661ebf4,364.26,5.53,29.1,1,1,4,0.76,False,1
LIB_000686,Generated_Large_Library,all,O=C(Nc1cc(Br)c(OC)cc1)c1cc(F)c(CC)cc1,71cc146f,352.2,4.41,38.33,1,2,4,0.885,True,0
LIB_000687,Generated_Large_Library,all,O=C(Nc1cc(Br)c(OCC)cc1)c1cc(F)c(CC)cc1,1ab936fd,366.23,4.8,38.33,1,2,5,0.826,True,0
LIB_000688,Generated_Large_Library,all,O=C(Nc1cc(C)c(CC)cc1)c1cc(F)c(CC)cc1,275bffd9,285.36,4.51,29.1,1,1,4,0.879,True,0
LIB_000689,Generated_Large_Library,all,O=C(Nc1cc(C)c(C(C)C)cc1)c1cc(F)c(CC)cc1,4d5f8ef6,299.39,5.07,29.1,1,1,4,0.838,False,1
LIB_000690,Generated_Large_Library,all,O=C(Nc1cc(C)c(OC)cc1)c1cc(F)c(CC)cc1,74d0b0e6,287.33,3.96,38.33,1,2,4,0.924,True,0
LIB_000691,Generated_Large_Library,all,O=C(Nc1cc(C)c(OCC)cc1)c1cc(F)c(CC)cc1,3e0a1cac,301.36,4.35,38.33,1,2,5,0.891,True,0
LIB_000692,Generated_Large_Library,all,O=C(Nc1cc(CC)c(C(C)C)cc1)c1cc(F)c(CC)cc1,456a2411,313.42,5.33,29.1,1,1,5,0.794,False,1
LIB_000693,Generated_Large_Library,all,O=C(Nc1cc(CC)c(OC)cc1)c1cc(F)c(CC)cc1,a99619d0,301.36,4.21,38.33,1,2,5,0.898,True,0
LIB_000694,Generated_Large_Library,all,O=C(Nc1cc(CC)c(OCC)cc1)c1cc(F)c(CC)cc1,69796b8f,315.39,4.6,38.33,1,2,6,0.846,True,0
LIB_000695,Generated_Large_Library,all,O=C(Nc1cc(C(C)C)c(OC)cc1)c1cc(F)c(CC)cc1,2551063e,315.39,4.77,38.33,1,2,5,0.863,True,0
LIB_000696,Generated_Large_Library,all,O=C(Nc1cc(C(C)C)c(OCC)cc1)c1cc(F)c(CC)cc1,e8bcb62d,329.42,5.16,38.33,1,2,6,0.794,False,1
LIB_000697,Generated_Large_Library,all,O=C(Nc1cc(OC)c(OCC)cc1)c1cc(F)c(CC)cc1,0e2cee0f,317.36,4.05,47.56,1,3,6,0.874,True,0
LIB_000698,Generated_Large_Library,all,O=C(Nc1ccc(F)cc1)c1cc(F)c(C(C)C)cc1,4551e0b6,275.3,4.34,29.1,1,1,3,0.887,True,0
LIB_000699,Generated_Large_Library,all,O=C(Nc1ccc(Cl)cc1)c1cc(F)c(C(C)C)cc1,ba88642f,291.75,4.85,29.1,1,1,3,0.86,True,0
LIB_000700,Generated_Large_Library,all,O=C(Nc1ccc(Br)cc1)c1cc(F)c(C(C)C)cc1,b1ab6bd3,336.2,4.96,29.1,1,1,3,0.843,True,0
LIB_000701,Generated_Large_Library,all,O=C(Nc1ccc(C)cc1)c1cc(F)c(C(C)C)cc1,b62f45c7,271.33,4.51,29.1,1,1,3,0.874,True,0
LIB_000702,Generated_Large_Library,all,O=C(Nc1ccc(CC)cc1)c1cc(F)c(C(C)C)cc1,667fef34,285.36,4.76,29.1,1,1,4,0.861,True,0
LIB_000703,Generated_Large_Library,all,O=C(Nc1ccc(C(C)C)cc1)c1cc(F)c(C(C)C)cc1,5d97e6bb,299.39,5.32,29.1,1,1,4,0.812,False,1
LIB_000704,Generated_Large_Library,all,O=C(Nc1ccc(OC)cc1)c1cc(F)c(C(C)C)cc1,4f7d9be6,287.33,4.21,38.33,1,2,4,0.914,True,0
LIB_000705,Generated_Large_Library,all,O=C(Nc1ccc(OCC)cc1)c1cc(F)c(C(C)C)cc1,82e17671,301.36,4.6,38.33,1,2,5,0.876,True,0
LIB_000706,Generated_Large_Library,all,O=C(Nc1ccc(C#N)cc1)c1cc(F)c(C(C)C)cc1,d61273ee,282.32,4.07,52.89,1,2,3,0.922,True,0
LIB_000707,Generated_Large_Library,all,O=C(Nc1ccc(C(F)(F)F)cc1)c1cc(F)c(C(C)C)cc1,51b69847,325.31,5.22,29.1,1,1,3,0.77,False,1
LIB_000708,Generated_Large_Library,all,O=C(Nc1ccc(S(=O)(=O)N)cc1)c1cc(F)c(C(C)C)cc1,feda1036,336.39,2.85,89.26,2,3,4,0.899,True,0
LIB_000709,Generated_Large_Library,all,O=C(Nc1ccc(N)cc1)c1cc(F)c(C(C)C)cc1,8c06f272,272.32,3.78,55.12,2,2,3,0.835,True,0
LIB_000710,Generated_Large_Library,all,O=C(Nc1ccc(O)cc1)c1cc(F)c(C(C)C)cc1,8ccdad8c,273.31,3.91,49.33,2,2,3,0.833,True,0
LIB_000711,Generated_Large_Library,all,O=C(Nc1cc(F)c(Cl)cc1)c1cc(F)c(C(C)C)cc1,c80ace69,309.74,4.99,29.1,1,1,3,0.85,True,0
LIB_000712,Generated_Large_Library,all,O=C(Nc1cc(F)c(Br)cc1)c1cc(F)c(C(C)C)cc1,ee2aee66,354.19,5.1,29.1,1,1,3,0.816,False,1
LIB_000713,Generated_Large_Library,all,O=C(Nc1cc(F)c(C)cc1)c1cc(F)c(C(C)C)cc1,5a4277e7,289.32,4.65,29.1,1,1,3,0.875,True,0
LIB_000714,Generated_Large_Library,all,O=C(Nc1cc(F)c(CC)cc1)c1cc(F)c(C(C)C)cc1,5cf03c03,303.35,4.9,29.1,1,1,4,0.855,True,0
LIB_000715,Generated_Large_Library,all,O=C(Nc1cc(F)c(C(C)C)cc1)c1cc(F)c(C(C)C)cc1,bed069d9,317.38,5.46,29.1,1,1,4,0.796,False,1
LIB_000716,Generated_Large_Library,all,O=C(Nc1cc(F)c(OC)cc1)c1cc(F)c(C(C)C)cc1,973c6a68,305.32,4.35,38.33,1,2,4,0.912,True,0
LIB_000717,Generated_Large_Library,all,O=C(Nc1cc(F)c(OCC)cc1)c1cc(F)c(C(C)C)cc1,52f7c232,319.35,4.74,38.33,1,2,5,0.864,True,0
LIB_000718,Generated_Large_Library,all,O=C(Nc1cc(Cl)c(Br)cc1)c1cc(F)c(C(C)C)cc1,f09262e5,370.65,5.62,29.1,1,1,3,0.746,False,1
LIB_000719,Generated_Large_Library,all,O=C(Nc1cc(Cl)c(C)cc1)c1cc(F)c(C(C)C)cc1,dcb3bd8c,305.78,5.16,29.1,1,1,3,0.833,False,1
LIB_000720,Generated_Large_Library,all,O=C(Nc1cc(Cl)c(CC)cc1)c1cc(F)c(C(C)C)cc1,d31a643e,319.81,5.42,29.1,1,1,4,0.801,False,1
LIB_000721,Generated_Large_Library,all,O=C(Nc1cc(Cl)c(C(C)C)cc1)c1cc(F)c(C(C)C)cc1,b2a2b880,333.83,5.98,29.1,1,1,4,0.732,False,1
LIB_000722,Generated_Large_Library,all,O=C(Nc1cc(Cl)c(OC)cc1)c1cc(F)c(C(C)C)cc1,48ea07d6,321.78,4.86,38.33,1,2,4,0.873,True,0
LIB_000723,Generated_Large_Library,all,O=C(Nc1cc(Cl)c(OCC)cc1)c1cc(F)c(C(C)C)cc1,1485dc95,335.81,5.25,38.33,1,2,5,0.81,False,1
LIB_000724,Generated_Large_Library,all,O=C(Nc1cc(Br)c(C)cc1)c1cc(F)c(C(C)C)cc1,d7f6a09e,350.23,5.27,29.1,1,1,3,0.803,False,1
LIB_000725,Generated_Large_Library,all,O=C(Nc1cc(Br)c(CC)cc1)c1cc(F)c(C(C)C)cc1,f002980a,364.26,5.53,29.1,1,1,4,0.76,False,1
LIB_000726,Generated_Large_Library,all,O=C(Nc1cc(Br)c(C(C)C)cc1)c1cc(F)c(C(C)C)cc1,275a51c1,378.29,6.09,29.1,1,1,4,0.686,False,1
LIB_000727,Generated_Large_Library,all,O=C(Nc1cc(Br)c(OC)cc1)c1cc(F)c(C(C)C)cc1,5bd980b2,366.23,4.97,38.33,1,2,4,0.83,True,0
LIB_000728,Generated_Large_Library,all,O=C(Nc1cc(Br)c(OCC)cc1)c1cc(F)c(C(C)C)cc1,0fb2f6cb,380.26,5.36,38.33,1,2,5,0.758,False,1
LIB_000729,Generated_Large_Library,all,O=C(Nc1cc(C)c(CC)cc1)c1cc(F)c(C(C)C)cc1,d3427b25,299.39,5.07,29.1,1,1,4,0.838,False,1
LIB_000730,Generated_Large_Library,all,O=C(Nc1cc(C)c(C(C)C)cc1)c1cc(F)c(C(C)C)cc1,2df177d4,313.42,5.63,29.1,1,1,4,0.778,False,1
LIB_000731,Generated_Large_Library,all,O=C(Nc1cc(C)c(OC)cc1)c1cc(F)c(C(C)C)cc1,2bd623a2,301.36,4.52,38.33,1,2,4,0.901,True,0
LIB_000732,Generated_Large_Library,all,O=C(Nc1cc(C)c(OCC)cc1)c1cc(F)c(C(C)C)cc1,ced1761c,315.39,4.91,38.33,1,2,5,0.851,True,0
LIB_000733,Generated_Large_Library,all,O=C(Nc1cc(CC)c(C(C)C)cc1)c1cc(F)c(C(C)C)cc1,f78cd60e,327.44,5.89,29.1,1,1,5,0.729,False,1
LIB_000734,Generated_Large_Library,all,O=C(Nc1cc(CC)c(OC)cc1)c1cc(F)c(C(C)C)cc1,24772c30,315.39,4.77,38.33,1,2,5,0.863,True,0
LIB_000735,Generated_Large_Library,all,O=C(Nc1cc(CC)c(OCC)cc1)c1cc(F)c(C(C)C)cc1,167efb2b,329.42,5.16,38.33,1,2,6,0.794,False,1
LIB_000736,Generated_Large_Library,all,O=C(Nc1cc(C(C)C)c(OC)cc1)c1cc(F)c(C(C)C)cc1,0224ccd3,329.42,5.33,38.33,1,2,5,0.805,False,1
LIB_000737,Generated_Large_Library,all,O=C(Nc1cc(C(C)C)c(OCC)cc1)c1cc(F)c(C(C)C)cc1,2d533b56,343.44,5.72,38.33,1,2,6,0.728,False,1
LIB_000738,Generated_Large_Library,all,O=C(Nc1cc(OC)c(OCC)cc1)c1cc(F)c(C(C)C)cc1,e5de0ae9,331.39,4.61,47.56,1,3,6,0.841,True,0
LIB_000739,Generated_Large_Library,all,O=C(Nc1ccc(F)cc1)c1cc(F)c(OC)cc1,3a13b1ae,263.24,3.23,38.33,1,2,3,0.923,True,0
LIB_000740,Generated_Large_Library,all,O=C(Nc1ccc(Cl)cc1)c1cc(F)c(OC)cc1,2d4c695e,279.7,3.74,38.33,1,2,3,0.929,True,0
LIB_000741,Generated_Large_Library,all,O=C(Nc1ccc(Br)cc1)c1cc(F)c(OC)cc1,4b5b164d,324.15,3.85,38.33,1,2,3,0.931,True,0
LIB_000742,Generated_Large_Library,all,O=C(Nc1ccc(C)cc1)c1cc(F)c(OC)cc1,59957c9f,259.28,3.4,38.33,1,2,3,0.917,True,0
LIB_000743,Generated_Large_Library,all,O=C(Nc1ccc(CC)cc1)c1cc(F)c(OC)cc1,794ff2e1,273.31,3.65,38.33,1,2,4,0.923,True,0
LIB_000744,Generated_Large_Library,all,O=C(Nc1ccc(C(C)C)cc1)c1cc(F)c(OC)cc1,cf44ddae,287.33,4.21,38.33,1,2,4,0.914,True,0
LIB_000745,Generated_Large_Library,all,O=C(Nc1ccc(OC)cc1)c1cc(F)c(OC)cc1,ab331061,275.28,3.1,47.56,1,3,4,0.932,True,0
LIB_000746,Generated_Large_Library,all,O=C(Nc1ccc(OCC)cc1)c1cc(F)c(OC)cc1,9e718bf8,289.31,3.49,47.56,1,3,5,0.916,True,0
LIB_000747,Generated_Large_Library,all,O=C(Nc1ccc(C#N)cc1)c1cc(F)c(OC)cc1,d053ac90,270.26,2.96,62.12,1,3,3,0.932,True,0
LIB_000748,Generated_Large_Library,all,O=C(Nc1ccc(C(F)(F)F)cc1)c1cc(F)c(OC)cc1,b1fad4cb,313.25,4.11,38.33,1,2,3,0.866,True,0
LIB_000749,Generated_Large_Library,all,O=C(Nc1ccc(S(=O)(=O)N)cc1)c1cc(F)c(OC)cc1,709feb26,324.33,1.73,98.49,2,4,4,0.895,True,0
LIB_000750,Generated_Large_Library,all,O=C(Nc1ccc(N)cc1)c1cc(F)c(OC)cc1,a078103e,260.27,2.67,64.35,2,3,3,0.834,True,0
LIB_000751,Generated_Large_Library,all,O=C(Nc1ccc(O)cc1)c1cc(F)c(OC)cc1,2bd5d2d1,261.25,2.79,58.56,2,3,3,0.835,True,0
LIB_000752,Generated_Large_Library,all,O=C(Nc1cc(F)c(Cl)cc1)c1cc(F)c(OC)cc1,54394402,297.69,3.88,38.33,1,2,3,0.933,True,0
LIB_000753,Generated_Large_Library,all,O=C(Nc1cc(F)c(Br)cc1)c1cc(F)c(OC)cc1,214cbde3,342.14,3.99,38.33,1,2,3,0.916,True,0
LIB_000754,Generated_Large_Library,all,O=C(Nc1cc(F)c(C)cc1)c1cc(F)c(OC)cc1,34df9f5c,277.27,3.53,38.33,1,2,3,0.932,True,0
LIB_000755,Generated_Large_Library,all,O=C(Nc1cc(F)c(CC)cc1)c1cc(F)c(OC)cc1,6df55718,291.3,3.79,38.33,1,2,4,0.93,True,0
LIB_000756,Generated_Large_Library,all,O=C(Nc1cc(F)c(C(C)C)cc1)c1cc(F)c(OC)cc1,33091959,305.32,4.35,38.33,1,2,4,0.912,True,0
LIB_000757,Generated_Large_Library,all,O=C(Nc1cc(F)c(OC)cc1)c1cc(F)c(OC)cc1,b4478465,293.27,3.23,47.56,1,3,4,0.941,True,0
LIB_000758,Generated_Large_Library,all,O=C(Nc1cc(F)c(OCC)cc1)c1cc(F)c(OC)cc1,173f7be4,307.3,3.62,47.56,1,3,5,0.917,True,0
LIB_000759,Generated_Large_Library,all,O=C(Nc1cc(Cl)c(Br)cc1)c1cc(F)c(OC)cc1,f014d02b,358.59,4.5,38.33,1,2,3,0.877,True,0
LIB_000760,Generated_Large_Library,all,O=C(Nc1cc(Cl)c(C)cc1)c1cc(F)c(OC)cc1,33d4bee1,293.73,4.05,38.33,1,2,3,0.927,True,0
LIB_000761,Generated_Large_Library,all,O=C(Nc1cc(Cl)c(CC)cc1)c1cc(F)c(OC)cc1,7c433dcc,307.75,4.3,38.33,1,2,4,0.914,True,0
LIB_000762,Generated_Large_Library,all,O=C(Nc1cc(Cl)c(C(C)C)cc1)c1cc(F)c(OC)cc1,8ac9eb28,321.78,4.86,38.33,1,2,4,0.873,True,0
LIB_000763,Generated_Large_Library,all,O=C(Nc1cc(Cl)c(OC)cc1)c1cc(F)c(OC)cc1,ddab1868,309.72,3.75,47.56,1,3,4,0.935,True,0
LIB_000764,Generated_Large_Library,all,O=C(Nc1cc(Cl)c(OCC)cc1)c1cc(F)c(OC)cc1,740ff097,323.75,4.14,47.56,1,3,5,0.899,True,0
LIB_000765,Generated_Large_Library,all,O=C(Nc1cc(Br)c(C)cc1)c1cc(F)c(OC)cc1,f0683b28,338.18,4.16,38.33,1,2,3,0.913,True,0
LIB_000766,Generated_Large_Library,all,O=C(Nc1cc(Br)c(CC)cc1)c1cc(F)c(OC)cc1,2bd731a8,352.2,4.41,38.33,1,2,4,0.885,True,0
LIB_000767,Generated_Large_Library,all,O=C(Nc1cc(Br)c(C(C)C)cc1)c1cc(F)c(OC)cc1,0e4d7ad0,366.23,4.97,38.33,1,2,4,0.83,True,0
LIB_000768,Generated_Large_Library,all,O=C(Nc1cc(Br)c(OC)cc1)c1cc(F)c(OC)cc1,ba0cf6ce,354.18,3.86,47.56,1,3,4,0.907,True,0
LIB_000769,Generated_Large_Library,all,O=C(Nc1cc(Br)c(OCC)cc1)c1cc(F)c(OC)cc1,e027ffa3,368.2,4.25,47.56,1,3,5,0.859,True,0
LIB_000770,Generated_Large_Library,all,O=C(Nc1cc(C)c(CC)cc1)c1cc(F)c(OC)cc1,ac602327,287.33,3.96,38.33,1,2,4,0.924,True,0
LIB_000771,Generated_Large_Library,all,O=C(Nc1cc(C)c(C(C)C)cc1)c1cc(F)c(OC)cc1,49ce0749,301.36,4.52,38.33,1,2,4,0.901,True,0
LIB_000772,Generated_Large_Library,all,O=C(Nc1cc(C)c(OC)cc1)c1cc(F)c(OC)cc1,5ab5faff,289.31,3.4,47.56,1,3,4,0.938,True,0
LIB_000773,Generated_Large_Library,all,O=C(Nc1cc(C)c(OCC)cc1)c1cc(F)c(OC)cc1,934e7b75,303.33,3.79,47.56,1,3,5,0.914,True,0
LIB_000774,Generated_Large_Library,all,O=C(Nc1cc(CC)c(C(C)C)cc1)c1cc(F)c(OC)cc1,e7867b23,315.39,4.77,38.33,1,2,5,0.863,True,0
LIB_000775,Generated_Large_Library,all,O=C(Nc1cc(CC)c(OC)cc1)c1cc(F)c(OC)cc1,e9f4981c,303.33,3.66,47.56,1,3,5,0.917,True,0
LIB_000776,Generated_Large_Library,all,O=C(Nc1cc(CC)c(OCC)cc1)c1cc(F)c(OC)cc1,88def595,317.36,4.05,47.56,1,3,6,0.874,True,0
LIB_000777,Generated_Large_Library,all,O=C(Nc1cc(C(C)C)c(OC)cc1)c1cc(F)c(OC)cc1,a4da9e15,317.36,4.22,47.56,1,3,5,0.898,True,0
LIB_000778,Generated_Large_Library,all,O=C(Nc1cc(C(C)C)c(OCC)cc1)c1cc(F)c(OC)cc1,3a23a647,331.39,4.61,47.56,1,3,6,0.841,True,0
LIB_000779,Generated_Large_Library,all,O=C(Nc1cc(OC)c(OCC)cc1)c1cc(F)c(OC)cc1,43ae1aae,319.33,3.49,56.79,1,4,6,0.885,True,0
LIB_000780,Generated_Large_Library,all,O=C(Nc1ccc(F)cc1)c1cc(F)c(OCC)cc1,a9a7c73d,277.27,3.62,38.33,1,2,4,0.927,True,0
LIB_000781,Generated_Large_Library,all,O=C(Nc1ccc(Cl)cc1)c1cc(F)c(OCC)cc1,844e34fb,293.72,4.13,38.33,1,2,4,0.92,True,0
LIB_000782,Generated_Large_Library,all,O=C(Nc1ccc(Br)cc1)c1cc(F)c(OCC)cc1,8ae97600,338.18,4.24,38.33,1,2,4,0.906,True,0
LIB_000783,Generated_Large_Library,all,O=C(Nc1ccc(C)cc1)c1cc(F)c(OCC)cc1,deff0679,273.31,3.79,38.33,1,2,4,0.92,True,0
LIB_000784,Generated_Large_Library,all,O=C(Nc1ccc(CC)cc1)c1cc(F)c(OCC)cc1,ca219e9c,287.33,4.04,38.33,1,2,5,0.901,True,0
LIB_000785,Generated_Large_Library,all,O=C(Nc1ccc(C(C)C)cc1)c1cc(F)c(OCC)cc1,93fc9db2,301.36,4.6,38.33,1,2,5,0.876,True,0
LIB_000786,Generated_Large_Library,all,O=C(Nc1ccc(OC)cc1)c1cc(F)c(OCC)cc1,e4e48dd3,289.31,3.49,47.56,1,3,5,0.916,True,0
LIB_000787,Generated_Large_Library,all,O=C(Nc1ccc(OCC)cc1)c1cc(F)c(OCC)cc1,5b6c81cc,303.33,3.88,47.56,1,3,6,0.881,True,0
LIB_000788,Generated_Large_Library,all,O=C(Nc1ccc(C#N)cc1)c1cc(F)c(OCC)cc1,898668df,284.29,3.35,62.12,1,3,4,0.936,True,0
LIB_000789,Generated_Large_Library,all,O=C(Nc1ccc(C(F)(F)F)cc1)c1cc(F)c(OCC)cc1,17016627,327.28,4.5,38.33,1,2,4,0.84,True,0
LIB_000790,Generated_Large_Library,all,O=C(Nc1ccc(S(=O)(=O)N)cc1)c1cc(F)c(OCC)cc1,6538db53,338.36,2.12,98.49,2,4,5,0.872,True,0
LIB_000791,Generated_Large_Library,all,O=C(Nc1ccc(N)cc1)c1cc(F)c(OCC)cc1,84d2bc4e,274.29,3.06,64.35,2,3,4,0.842,True,0
LIB_000792,Generated_Large_Library,all,O=C(Nc1ccc(O)cc1)c1cc(F)c(OCC)cc1,b7efbfc5,275.28,3.18,58.56,2,3,4,0.842,True,0
LIB_000793,Generated_Large_Library,all,O=C(Nc1cc(F)c(Cl)cc1)c1cc(F)c(OCC)cc1,7533cffb,311.72,4.27,38.33,1,2,4,0.915,True,0
LIB_000794,Generated_Large_Library,all,O=C(Nc1cc(F)c(Br)cc1)c1cc(F)c(OCC)cc1,85f51679,356.17,4.38,38.33,1,2,4,0.883,True,0
LIB_000795,Generated_Large_Library,all,O=C(Nc1cc(F)c(C)cc1)c1cc(F)c(OCC)cc1,30994242,291.3,3.92,38.33,1,2,4,0.927,True,0
LIB_000796,Generated_Large_Library,all,O=C(Nc1cc(F)c(CC)cc1)c1cc(F)c(OCC)cc1,6018ac21,305.32,4.18,38.33,1,2,5,0.9,True,0
LIB_000797,Generated_Large_Library,all,O=C(Nc1cc(F)c(C(C)C)cc1)c1cc(F)c(OCC)cc1,19d46bee,319.35,4.74,38.33,1,2,5,0.864,True,0
LIB_000798,Generated_Large_Library,all,O=C(Nc1cc(F)c(OC)cc1)c1cc(F)c(OCC)cc1,f20fced9,307.3,3.62,47.56,1,3,5,0.917,True,0
LIB_000799,Generated_Large_Library,all,O=C(Nc1cc(F)c(OCC)cc1)c1cc(F)c(OCC)cc1,bfdad3f5,321.32,4.01,47.56,1,3,6,0.874,True,0
LIB_000800,Generated_Large_Library,all,O=C(Nc1cc(Cl)c(Br)cc1)c1cc(F)c(OCC)cc1,38ece04b,372.62,4.89,38.33,1,2,4,0.829,True,0
LIB_000801,Generated_Large_Library,all,O=C(Nc1cc(Cl)c(C)cc1)c1cc(F)c(OCC)cc1,ad062372,307.75,4.44,38.33,1,2,4,0.907,True,0
LIB_000802,Generated_Large_Library,all,O=C(Nc1cc(Cl)c(CC)cc1)c1cc(F)c(OCC)cc1,14d5dc9a,321.78,4.69,38.33,1,2,5,0.867,True,0
LIB_000803,Generated_Large_Library,all,O=C(Nc1cc(Cl)c(C(C)C)cc1)c1cc(F)c(OCC)cc1,ba4fe415,335.81,5.25,38.33,1,2,5,0.81,False,1
LIB_000804,Generated_Large_Library,all,O=C(Nc1cc(Cl)c(OC)cc1)c1cc(F)c(OCC)cc1,46f30d0a,323.75,4.14,47.56,1,3,5,0.899,True,0
LIB_000805,Generated_Large_Library,all,O=C(Nc1cc(Cl)c(OCC)cc1)c1cc(F)c(OCC)cc1,9b15af60,337.78,4.53,47.56,1,3,6,0.842,True,0
LIB_000806,Generated_Large_Library,all,O=C(Nc1cc(Br)c(C)cc1)c1cc(F)c(OCC)cc1,ecade448,352.2,4.55,38.33,1,2,4,0.877,True,0
LIB_000807,Generated_Large_Library,all,O=C(Nc1cc(Br)c(CC)cc1)c1cc(F)c(OCC)cc1,592bb89f,366.23,4.8,38.33,1,2,5,0.826,True,0
LIB_000808,Generated_Large_Library,all,O=C(Nc1cc(Br)c(C(C)C)cc1)c1cc(F)c(OCC)cc1,098a1e57,380.26,5.36,38.33,1,2,5,0.758,False,1
LIB_000809,Generated_Large_Library,all,O=C(Nc1cc(Br)c(OC)cc1)c1cc(F)c(OCC)cc1,6b5f4b57,368.2,4.25,47.56,1,3,5,0.859,True,0
LIB_000810,Generated_Large_Library,all,O=C(Nc1cc(Br)c(OCC)cc1)c1cc(F)c(OCC)cc1,eecdb91b,382.23,4.64,47.56,1,3,6,0.792,True,0
LIB_000811,Generated_Large_Library,all,O=C(Nc1cc(C)c(CC)cc1)c1cc(F)c(OCC)cc1,a47d3f49,301.36,4.35,38.33,1,2,5,0.891,True,0
LIB_000812,Generated_Large_Library,all,O=C(Nc1cc(C)c(C(C)C)cc1)c1cc(F)c(OCC)cc1,e28cf31b,315.39,4.91,38.33,1,2,5,0.851,True,0
LIB_000813,Generated_Large_Library,all,O=C(Nc1cc(C)c(OC)cc1)c1cc(F)c(OCC)cc1,225eaedb,303.33,3.79,47.56,1,3,5,0.914,True,0
LIB_000814,Generated_Large_Library,all,O=C(Nc1cc(C)c(OCC)cc1)c1cc(F)c(OCC)cc1,29ba64d0,317.36,4.18,47.56,1,3,6,0.869,True,0
LIB_000815,Generated_Large_Library,all,O=C(Nc1cc(CC)c(C(C)C)cc1)c1cc(F)c(OCC)cc1,603ded5e,329.42,5.16,38.33,1,2,6,0.794,False,1
LIB_000816,Generated_Large_Library,all,O=C(Nc1cc(CC)c(OC)cc1)c1cc(F)c(OCC)cc1,50893dc1,317.36,4.05,47.56,1,3,6,0.874,True,0
LIB_000817,Generated_Large_Library,all,O=C(Nc1cc(CC)c(OCC)cc1)c1cc(F)c(OCC)cc1,2f514fe4,331.39,4.44,47.56,1,3,7,0.816,True,0
LIB_000818,Generated_Large_Library,all,O=C(Nc1cc(C(C)C)c(OC)cc1)c1cc(F)c(OCC)cc1,34e5fa3d,331.39,4.61,47.56,1,3,6,0.841,True,0
LIB_000819,Generated_Large_Library,all,O=C(Nc1cc(C(C)C)c(OCC)cc1)c1cc(F)c(OCC)cc1,10d3a456,345.41,5.0,47.56,1,3,7,0.768,True,0
LIB_000820,Generated_Large_Library,all,O=C(Nc1cc(OC)c(OCC)cc1)c1cc(F)c(OCC)cc1,268049ab,333.36,3.88,56.79,1,4,7,0.835,True,0
LIB_000821,Generated_Large_Library,all,O=C(Nc1ccc(F)cc1)c1cc(Cl)c(Br)cc1,a58aece3,328.57,4.49,29.1,1,1,2,0.864,True,0
LIB_000822,Generated_Large_Library,all,O=C(Nc1ccc(Cl)cc1)c1cc(Cl)c(Br)cc1,f1ce3819,345.02,5.01,29.1,1,1,2,0.815,False,1
LIB_000823,Generated_Large_Library,all,O=C(Nc1ccc(Br)cc1)c1cc(Cl)c(Br)cc1,2f1c0778,389.47,5.12,29.1,1,1,2,0.759,False,1
LIB_000824,Generated_Large_Library,all,O=C(Nc1ccc(C)cc1)c1cc(Cl)c(Br)cc1,e9600b6f,324.61,4.66,29.1,1,1,2,0.855,True,0
LIB_000825,Generated_Large_Library,all,O=C(Nc1ccc(CC)cc1)c1cc(Cl)c(Br)cc1,1d50defd,338.63,4.92,29.1,1,1,3,0.846,True,0
LIB_000826,Generated_Large_Library,all,O=C(Nc1ccc(C(C)C)cc1)c1cc(Cl)c(Br)cc1,05b0c97c,352.66,5.48,29.1,1,1,3,0.779,False,1
LIB_000827,Generated_Large_Library,all,O=C(Nc1ccc(OC)cc1)c1cc(Cl)c(Br)cc1,2c715362,340.6,4.36,38.33,1,2,3,0.901,True,0
LIB_000828,Generated_Large_Library,all,O=C(Nc1ccc(OCC)cc1)c1cc(Cl)c(Br)cc1,3729939f,354.63,4.75,38.33,1,2,4,0.86,True,0
LIB_000829,Generated_Large_Library,all,O=C(Nc1ccc(C#N)cc1)c1cc(Cl)c(Br)cc1,2c7b6ffb,335.59,4.23,52.89,1,2,2,0.893,True,0
LIB_000830,Generated_Large_Library,all,O=C(Nc1ccc(C(F)(F)F)cc1)c1cc(Cl)c(Br)cc1,15135ddd,378.57,5.37,29.1,1,1,2,0.747,False,1
LIB_000831,Generated_Large_Library,all,O=C(Nc1ccc(S(=O)(=O)N)cc1)c1cc(Cl)c(Br)cc1,8d98b8f8,389.66,3.0,89.26,2,3,3,0.845,True,0
LIB_000832,Generated_Large_Library,all,O=C(Nc1ccc(N)cc1)c1cc(Cl)c(Br)cc1,211c54c1,325.59,3.94,55.12,2,2,2,0.822,True,0
LIB_000833,Generated_Large_Library,all,O=C(Nc1ccc(O)cc1)c1cc(Cl)c(Br)cc1,78b9bad7,326.58,4.06,49.33,2,2,2,0.818,True,0
LIB_000834,Generated_Large_Library,all,O=C(Nc1cc(F)c(Cl)cc1)c1cc(Cl)c(Br)cc1,528bee21,363.01,5.15,29.1,1,1,2,0.786,False,1
LIB_000835,Generated_Large_Library,all,O=C(Nc1cc(F)c(Br)cc1)c1cc(Cl)c(Br)cc1,c513bad7,407.46,5.26,29.1,1,1,2,0.723,False,1
LIB_000836,Generated_Large_Library,all,O=C(Nc1cc(F)c(C)cc1)c1cc(Cl)c(Br)cc1,769d516a,342.6,4.8,29.1,1,1,2,0.834,True,0
LIB_000837,Generated_Large_Library,all,O=C(Nc1cc(F)c(CC)cc1)c1cc(Cl)c(Br)cc1,70b40239,356.62,5.06,29.1,1,1,3,0.818,False,1
LIB_000838,Generated_Large_Library,all,O=C(Nc1cc(F)c(C(C)C)cc1)c1cc(Cl)c(Br)cc1,676bae48,370.65,5.62,29.1,1,1,3,0.746,False,1
LIB_000839,Generated_Large_Library,all,O=C(Nc1cc(F)c(OC)cc1)c1cc(Cl)c(Br)cc1,f220b00b,358.59,4.5,38.33,1,2,3,0.877,True,0
LIB_000840,Generated_Large_Library,all,O=C(Nc1cc(F)c(OCC)cc1)c1cc(Cl)c(Br)cc1,74599d1a,372.62,4.89,38.33,1,2,4,0.829,True,0
LIB_000841,Generated_Large_Library,all,O=C(Nc1cc(Cl)c(Br)cc1)c1cc(Cl)c(Br)cc1,ffe8e15c,423.92,5.77,29.1,1,1,2,0.652,False,1
LIB_000842,Generated_Large_Library,all,O=C(Nc1cc(Cl)c(C)cc1)c1cc(Cl)c(Br)cc1,037ed339,359.05,5.32,29.1,1,1,2,0.773,False,1
LIB_000843,Generated_Large_Library,all,O=C(Nc1cc(Cl)c(CC)cc1)c1cc(Cl)c(Br)cc1,8a3c5d93,373.08,5.57,29.1,1,1,3,0.749,False,1
LIB_000844,Generated_Large_Library,all,O=C(Nc1cc(Cl)c(C(C)C)cc1)c1cc(Cl)c(Br)cc1,05eca091,387.1,6.13,29.1,1,1,3,0.675,False,1
LIB_000845,Generated_Large_Library,all,O=C(Nc1cc(Cl)c(OC)cc1)c1cc(Cl)c(Br)cc1,3dd0f850,375.05,5.02,38.33,1,2,3,0.819,False,1
LIB_000846,Generated_Large_Library,all,O=C(Nc1cc(Cl)c(OCC)cc1)c1cc(Cl)c(Br)cc1,9af3e13e,389.08,5.41,38.33,1,2,4,0.76,False,1
LIB_000847,Generated_Large_Library,all,O=C(Nc1cc(Br)c(C)cc1)c1cc(Cl)c(Br)cc1,71a87d9b,403.5,5.43,29.1,1,1,2,0.712,False,1
LIB_000848,Generated_Large_Library,all,O=C(Nc1cc(Br)c(CC)cc1)c1cc(Cl)c(Br)cc1,0a403f76,417.53,5.68,29.1,1,1,3,0.684,False,1
LIB_000849,Generated_Large_Library,all,O=C(Nc1cc(Br)c(C(C)C)cc1)c1cc(Cl)c(Br)cc1,56ca7555,431.56,6.24,29.1,1,1,3,0.612,False,1
LIB_000850,Generated_Large_Library,all,O=C(Nc1cc(Br)c(OC)cc1)c1cc(Cl)c(Br)cc1,b7fca074,419.5,5.13,38.33,1,2,3,0.749,False,1
LIB_000851,Generated_Large_Library,all,O=C(Nc1cc(Br)c(OCC)cc1)c1cc(Cl)c(Br)cc1,9c388938,433.53,5.52,38.33,1,2,4,0.69,False,1
LIB_000852,Generated_Large_Library,all,O=C(Nc1cc(C)c(CC)cc1)c1cc(Cl)c(Br)cc1,109cc029,352.66,5.23,29.1,1,1,3,0.805,False,1
LIB_000853,Generated_Large_Library,all,O=C(Nc1cc(C)c(C(C)C)cc1)c1cc(Cl)c(Br)cc1,9df805dd,366.69,5.79,29.1,1,1,3,0.732,False,1
LIB_000854,Generated_Large_Library,all,O=C(Nc1cc(C)c(OC)cc1)c1cc(Cl)c(Br)cc1,7d47edba,354.63,4.67,38.33,1,2,3,0.869,True,0
LIB_000855,Generated_Large_Library,all,O=C(Nc1cc(C)c(OCC)cc1)c1cc(Cl)c(Br)cc1,2942eaac,368.66,5.06,38.33,1,2,4,0.819,False,1
LIB_000856,Generated_Large_Library,all,O=C(Nc1cc(CC)c(C(C)C)cc1)c1cc(Cl)c(Br)cc1,02cddc4a,380.71,6.04,29.1,1,1,4,0.688,False,1
LIB_000857,Generated_Large_Library,all,O=C(Nc1cc(CC)c(OC)cc1)c1cc(Cl)c(Br)cc1,f3899d95,368.66,4.93,38.33,1,2,4,0.831,True,0
LIB_000858,Generated_Large_Library,all,O=C(Nc1cc(CC)c(OCC)cc1)c1cc(Cl)c(Br)cc1,bf3622c7,382.69,5.32,38.33,1,2,5,0.76,False,1
LIB_000859,Generated_Large_Library,all,O=C(Nc1cc(C(C)C)c(OC)cc1)c1cc(Cl)c(Br)cc1,0da84ed8,382.69,5.49,38.33,1,2,4,0.759,False,1
LIB_000860,Generated_Large_Library,all,O=C(Nc1cc(C(C)C)c(OCC)cc1)c1cc(Cl)c(Br)cc1,9a583b92,396.71,5.88,38.33,1,2,5,0.685,False,1
LIB_000861,Generated_Large_Library,all,O=C(Nc1cc(OC)c(OCC)cc1)c1cc(Cl)c(Br)cc1,466ef3b2,384.66,4.76,47.56,1,3,5,0.808,True,0
LIB_000862,Generated_Large_Library,all,O=C(Nc1ccc(F)cc1)c1cc(Cl)c(C)cc1,6f1c3cc5,263.7,4.04,29.1,1,1,2,0.87,True,0
LIB_000863,Generated_Large_Library,all,O=C(Nc1ccc(Cl)cc1)c1cc(Cl)c(C)cc1,72c09b84,280.15,4.55,29.1,1,1,2,0.858,True,0
LIB_000864,Generated_Large_Library,all,O=C(Nc1ccc(Br)cc1)c1cc(Cl)c(C)cc1,ac200875,324.61,4.66,29.1,1,1,2,0.855,True,0
LIB_000865,Generated_Large_Library,all,O=C(Nc1ccc(C)cc1)c1cc(Cl)c(C)cc1,7b4aadee,259.74,4.21,29.1,1,1,2,0.86,True,0
LIB_000866,Generated_Large_Library,all,O=C(Nc1ccc(CC)cc1)c1cc(Cl)c(C)cc1,ec5f6955,273.76,4.46,29.1,1,1,3,0.879,True,0
LIB_000867,Generated_Large_Library,all,O=C(Nc1ccc(C(C)C)cc1)c1cc(Cl)c(C)cc1,a0fe2792,287.79,5.02,29.1,1,1,3,0.843,False,1
LIB_000868,Generated_Large_Library,all,O=C(Nc1ccc(OC)cc1)c1cc(Cl)c(C)cc1,65083d50,275.73,3.91,38.33,1,2,3,0.922,True,0
LIB_000869,Generated_Large_Library,all,O=C(Nc1ccc(OCC)cc1)c1cc(Cl)c(C)cc1,e436e581,289.76,4.3,38.33,1,2,4,0.911,True,0
LIB_000870,Generated_Large_Library,all,O=C(Nc1ccc(C#N)cc1)c1cc(Cl)c(C)cc1,6654781a,270.72,3.77,52.89,1,2,2,0.903,True,0
LIB_000871,Generated_Large_Library,all,O=C(Nc1ccc(C(F)(F)F)cc1)c1cc(Cl)c(C)cc1,5d032d9c,313.71,4.92,29.1,1,1,2,0.837,True,0
LIB_000872,Generated_Large_Library,all,O=C(Nc1ccc(S(=O)(=O)N)cc1)c1cc(Cl)c(C)cc1,528473b1,324.79,2.55,89.26,2,3,3,0.909,True,0
LIB_000873,Generated_Large_Library,all,O=C(Nc1ccc(N)cc1)c1cc(Cl)c(C)cc1,cd9c5a6a,260.72,3.48,55.12,2,2,2,0.812,True,0
LIB_000874,Generated_Large_Library,all,O=C(Nc1ccc(O)cc1)c1cc(Cl)c(C)cc1,a8e11421,261.71,3.61,49.33,2,2,2,0.812,True,0
LIB_000875,Generated_Large_Library,all,O=C(Nc1cc(F)c(Cl)cc1)c1cc(Cl)c(C)cc1,d7608610,298.14,4.69,29.1,1,1,2,0.856,True,0
LIB_000876,Generated_Large_Library,all,O=C(Nc1cc(F)c(Br)cc1)c1cc(Cl)c(C)cc1,fdd20ec2,342.6,4.8,29.1,1,1,2,0.834,True,0
LIB_000877,Generated_Large_Library,all,O=C(Nc1cc(F)c(C)cc1)c1cc(Cl)c(C)cc1,328a8090,277.73,4.35,29.1,1,1,2,0.869,True,0
LIB_000878,Generated_Large_Library,all,O=C(Nc1cc(F)c(CC)cc1)c1cc(Cl)c(C)cc1,73114e00,291.75,4.6,29.1,1,1,3,0.879,True,0
LIB_000879,Generated_Large_Library,all,O=C(Nc1cc(F)c(C(C)C)cc1)c1cc(Cl)c(C)cc1,c2d6b43f,305.78,5.16,29.1,1,1,3,0.833,False,1
LIB_000880,Generated_Large_Library,all,O=C(Nc1cc(F)c(OC)cc1)c1cc(Cl)c(C)cc1,10e1a0c9,293.73,4.05,38.33,1,2,3,0.927,True,0
LIB_000881,Generated_Large_Library,all,O=C(Nc1cc(F)c(OCC)cc1)c1cc(Cl)c(C)cc1,ce3db98b,307.75,4.44,38.33,1,2,4,0.907,True,0
LIB_000882,Generated_Large_Library,all,O=C(Nc1cc(Cl)c(Br)cc1)c1cc(Cl)c(C)cc1,559ef516,359.05,5.32,29.1,1,1,2,0.773,False,1
LIB_000883,Generated_Large_Library,all,O=C(Nc1cc(Cl)c(C)cc1)c1cc(Cl)c(C)cc1,6f4a0967,294.18,4.86,29.1,1,1,2,0.841,True,0
LIB_000884,Generated_Large_Library,all,O=C(Nc1cc(Cl)c(CC)cc1)c1cc(Cl)c(C)cc1,98941605,308.21,5.12,29.1,1,1,3,0.838,False,1
LIB_000885,Generated_Large_Library,all,O=C(Nc1cc(Cl)c(C(C)C)cc1)c1cc(Cl)c(C)cc1,ae6e81e0,322.24,5.68,29.1,1,1,3,0.774,False,1
LIB_000886,Generated_Large_Library,all,O=C(Nc1cc(Cl)c(OC)cc1)c1cc(Cl)c(C)cc1,b18a83be,310.18,4.56,38.33,1,2,3,0.902,True,0
LIB_000887,Generated_Large_Library,all,O=C(Nc1cc(Cl)c(OCC)cc1)c1cc(Cl)c(C)cc1,94fd126f,324.21,4.95,38.33,1,2,4,0.864,True,0
LIB_000888,Generated_Large_Library,all,O=C(Nc1cc(Br)c(C)cc1)c1cc(Cl)c(C)cc1,1cbb6a1a,338.63,4.97,29.1,1,1,2,0.823,True,0
LIB_000889,Generated_Large_Library,all,O=C(Nc1cc(Br)c(CC)cc1)c1cc(Cl)c(C)cc1,581610ce,352.66,5.23,29.1,1,1,3,0.805,False,1
LIB_000890,Generated_Large_Library,all,O=C(Nc1cc(Br)c(C(C)C)cc1)c1cc(Cl)c(C)cc1,50ecad24,366.69,5.79,29.1,1,1,3,0.732,False,1
LIB_000891,Generated_Large_Library,all,O=C(Nc1cc(Br)c(OC)cc1)c1cc(Cl)c(C)cc1,c2ee1655,354.63,4.67,38.33,1,2,3,0.869,True,0
LIB_000892,Generated_Large_Library,all,O=C(Nc1cc(Br)c(OCC)cc1)c1cc(Cl)c(C)cc1,b89630d5,368.66,5.06,38.33,1,2,4,0.819,False,1
LIB_000893,Generated_Large_Library,all,O=C(Nc1cc(C)c(CC)cc1)c1cc(Cl)c(C)cc1,ecab7e45,287.79,4.77,29.1,1,1,3,0.865,True,0
LIB_000894,Generated_Large_Library,all,O=C(Nc1cc(C)c(C(C)C)cc1)c1cc(Cl)c(C)cc1,3fb98a10,301.82,5.33,29.1,1,1,3,0.815,False,1
LIB_000895,Generated_Large_Library,all,O=C(Nc1cc(C)c(OC)cc1)c1cc(Cl)c(C)cc1,efc23a6d,289.76,4.22,38.33,1,2,3,0.919,True,0
LIB_000896,Generated_Large_Library,all,O=C(Nc1cc(C)c(OCC)cc1)c1cc(Cl)c(C)cc1,d70856e6,303.79,4.61,38.33,1,2,4,0.896,True,0
LIB_000897,Generated_Large_Library,all,O=C(Nc1cc(CC)c(C(C)C)cc1)c1cc(Cl)c(C)cc1,1f32c2b3,315.84,5.59,29.1,1,1,4,0.783,False,1
LIB_000898,Generated_Large_Library,all,O=C(Nc1cc(CC)c(OC)cc1)c1cc(Cl)c(C)cc1,566d5dc0,303.79,4.47,38.33,1,2,4,0.905,True,0
LIB_000899,Generated_Large_Library,all,O=C(Nc1cc(CC)c(OCC)cc1)c1cc(Cl)c(C)cc1,e18a0920,317.82,4.86,38.33,1,2,5,0.855,True,0
LIB_000900,Generated_Large_Library,all,O=C(Nc1cc(C(C)C)c(OC)cc1)c1cc(Cl)c(C)cc1,5bdf61a4,317.82,5.03,38.33,1,2,4,0.858,False,1
LIB_000901,Generated_Large_Library,all,O=C(Nc1cc(C(C)C)c(OCC)cc1)c1cc(Cl)c(C)cc1,cb60b539,331.84,5.42,38.33,1,2,5,0.794,False,1
LIB_000902,Generated_Large_Library,all,O=C(Nc1cc(OC)c(OCC)cc1)c1cc(Cl)c(C)cc1,91681dc2,319.79,4.31,47.56,1,3,5,0.893,True,0
LIB_000903,Generated_Large_Library,all,O=C(Nc1ccc(F)cc1)c1cc(Cl)c(CC)cc1,cc4a3019,277.73,4.29,29.1,1,1,3,0.891,True,0
LIB_000904,Generated_Large_Library,all,O=C(Nc1ccc(Cl)cc1)c1cc(Cl)c(CC)cc1,18c57490,294.18,4.81,29.1,1,1,3,0.865,True,0
LIB_000905,Generated_Large_Library,all,O=C(Nc1ccc(Br)cc1)c1cc(Cl)c(CC)cc1,0ef3ec8d,338.63,4.92,29.1,1,1,3,0.846,True,0
LIB_000906,Generated_Large_Library,all,O=C(Nc1ccc(C)cc1)c1cc(Cl)c(CC)cc1,3a8b0cd4,273.76,4.46,29.1,1,1,3,0.879,True,0
LIB_000907,Generated_Large_Library,all,O=C(Nc1ccc(CC)cc1)c1cc(Cl)c(CC)cc1,f4e8cd08,287.79,4.72,29.1,1,1,4,0.866,True,0
LIB_000908,Generated_Large_Library,all,O=C(Nc1ccc(C(C)C)cc1)c1cc(Cl)c(CC)cc1,493726c6,301.82,5.28,29.1,1,1,4,0.818,False,1
LIB_000909,Generated_Large_Library,all,O=C(Nc1ccc(OC)cc1)c1cc(Cl)c(CC)cc1,9e300c37,289.76,4.16,38.33,1,2,4,0.917,True,0
LIB_000910,Generated_Large_Library,all,O=C(Nc1ccc(OCC)cc1)c1cc(Cl)c(CC)cc1,fb702366,303.79,4.55,38.33,1,2,5,0.879,True,0
LIB_000911,Generated_Large_Library,all,O=C(Nc1ccc(C#N)cc1)c1cc(Cl)c(CC)cc1,c2976ec9,284.75,4.03,52.89,1,2,3,0.925,True,0
LIB_000912,Generated_Large_Library,all,O=C(Nc1ccc(C(F)(F)F)cc1)c1cc(Cl)c(CC)cc1,af359c7d,327.73,5.17,29.1,1,1,3,0.827,False,1
LIB_000913,Generated_Large_Library,all,O=C(Nc1ccc(S(=O)(=O)N)cc1)c1cc(Cl)c(CC)cc1,07978866,338.82,2.8,89.26,2,3,4,0.898,True,0
LIB_000914,Generated_Large_Library,all,O=C(Nc1ccc(N)cc1)c1cc(Cl)c(CC)cc1,f9aa4cf2,274.75,3.74,55.12,2,2,3,0.838,True,0
LIB_000915,Generated_Large_Library,all,O=C(Nc1ccc(O)cc1)c1cc(Cl)c(CC)cc1,130bdbe0,275.73,3.86,49.33,2,2,3,0.836,True,0
LIB_000916,Generated_Large_Library,all,O=C(Nc1cc(F)c(Cl)cc1)c1cc(Cl)c(CC)cc1,bcd46684,312.17,4.95,29.1,1,1,3,0.854,True,0
LIB_000917,Generated_Large_Library,all,O=C(Nc1cc(F)c(Br)cc1)c1cc(Cl)c(CC)cc1,a828810e,356.62,5.06,29.1,1,1,3,0.818,False,1
LIB_000918,Generated_Large_Library,all,O=C(Nc1cc(F)c(C)cc1)c1cc(Cl)c(CC)cc1,a34c26db,291.75,4.6,29.1,1,1,3,0.879,True,0
LIB_000919,Generated_Large_Library,all,O=C(Nc1cc(F)c(CC)cc1)c1cc(Cl)c(CC)cc1,54eaf86c,305.78,4.86,29.1,1,1,4,0.859,True,0
LIB_000920,Generated_Large_Library,all,O=C(Nc1cc(F)c(C(C)C)cc1)c1cc(Cl)c(CC)cc1,97526bdd,319.81,5.42,29.1,1,1,4,0.801,False,1
LIB_000921,Generated_Large_Library,all,O=C(Nc1cc(F)c(OC)cc1)c1cc(Cl)c(CC)cc1,d1ae86e7,307.75,4.3,38.33,1,2,4,0.914,True,0
LIB_000922,Generated_Large_Library,all,O=C(Nc1cc(F)c(OCC)cc1)c1cc(Cl)c(CC)cc1,1365233e,321.78,4.69,38.33,1,2,5,0.867,True,0
LIB_000923,Generated_Large_Library,all,O=C(Nc1cc(Cl)c(Br)cc1)c1cc(Cl)c(CC)cc1,844604e9,373.08,5.57,29.1,1,1,3,0.749,False,1
LIB_000924,Generated_Large_Library,all,O=C(Nc1cc(Cl)c(C)cc1)c1cc(Cl)c(CC)cc1,2c1170dc,308.21,5.12,29.1,1,1,3,0.838,False,1
LIB_000925,Generated_Large_Library,all,O=C(Nc1cc(Cl)c(CC)cc1)c1cc(Cl)c(CC)cc1,ff1c64ec,322.24,5.37,29.1,1,1,4,0.805,False,1
LIB_000926,Generated_Large_Library,all,O=C(Nc1cc(Cl)c(C(C)C)cc1)c1cc(Cl)c(CC)cc1,58f33dbd,336.26,5.93,29.1,1,1,4,0.736,False,1
LIB_000927,Generated_Large_Library,all,O=C(Nc1cc(Cl)c(OC)cc1)c1cc(Cl)c(CC)cc1,8187d650,324.21,4.82,38.33,1,2,4,0.876,True,0
LIB_000928,Generated_Large_Library,all,O=C(Nc1cc(Cl)c(OCC)cc1)c1cc(Cl)c(CC)cc1,5a1a9963,338.23,5.21,38.33,1,2,5,0.813,False,1
LIB_000929,Generated_Large_Library,all,O=C(Nc1cc(Br)c(C)cc1)c1cc(Cl)c(CC)cc1,bea67932,352.66,5.23,29.1,1,1,3,0.805,False,1
LIB_000930,Generated_Large_Library,all,O=C(Nc1cc(Br)c(CC)cc1)c1cc(Cl)c(CC)cc1,2192fa01,366.69,5.48,29.1,1,1,4,0.762,False,1
LIB_000931,Generated_Large_Library,all,O=C(Nc1cc(Br)c(C(C)C)cc1)c1cc(Cl)c(CC)cc1,1591b53d,380.71,6.04,29.1,1,1,4,0.688,False,1
LIB_000932,Generated_Large_Library,all,O=C(Nc1cc(Br)c(OC)cc1)c1cc(Cl)c(CC)cc1,a25ee5a6,368.66,4.93,38.33,1,2,4,0.831,True,0
LIB_000933,Generated_Large_Library,all,O=C(Nc1cc(Br)c(OCC)cc1)c1cc(Cl)c(CC)cc1,d7e62b27,382.69,5.32,38.33,1,2,5,0.76,False,1
LIB_000934,Generated_Large_Library,all,O=C(Nc1cc(C)c(CC)cc1)c1cc(Cl)c(CC)cc1,1f5ef155,301.82,5.03,29.1,1,1,4,0.843,False,1
LIB_000935,Generated_Large_Library,all,O=C(Nc1cc(C)c(C(C)C)cc1)c1cc(Cl)c(CC)cc1,f7e9625b,315.84,5.59,29.1,1,1,4,0.783,False,1
LIB_000936,Generated_Large_Library,all,O=C(Nc1cc(C)c(OC)cc1)c1cc(Cl)c(CC)cc1,49090926,303.79,4.47,38.33,1,2,4,0.905,True,0
LIB_000937,Generated_Large_Library,all,O=C(Nc1cc(C)c(OCC)cc1)c1cc(Cl)c(CC)cc1,c1e7810e,317.82,4.86,38.33,1,2,5,0.855,True,0
LIB_000938,Generated_Large_Library,all,O=C(Nc1cc(CC)c(C(C)C)cc1)c1cc(Cl)c(CC)cc1,351eeb04,329.87,5.84,29.1,1,1,5,0.733,False,1
LIB_000939,Generated_Large_Library,all,O=C(Nc1cc(CC)c(OC)cc1)c1cc(Cl)c(CC)cc1,8cee8020,317.82,4.73,38.33,1,2,5,0.866,True,0
LIB_000940,Generated_Large_Library,all,O=C(Nc1cc(CC)c(OCC)cc1)c1cc(Cl)c(CC)cc1,b36f75fa,331.84,5.12,38.33,1,2,6,0.798,False,1
LIB_000941,Generated_Large_Library,all,O=C(Nc1cc(C(C)C)c(OC)cc1)c1cc(Cl)c(CC)cc1,beb44515,331.84,5.29,38.33,1,2,5,0.808,False,1
LIB_000942,Generated_Large_Library,all,O=C(Nc1cc(C(C)C)c(OCC)cc1)c1cc(Cl)c(CC)cc1,80bd5b34,345.87,5.68,38.33,1,2,6,0.731,False,1
LIB_000943,Generated_Large_Library,all,O=C(Nc1cc(OC)c(OCC)cc1)c1cc(Cl)c(CC)cc1,a4968cb8,333.82,4.56,47.56,1,3,6,0.842,True,0
LIB_000944,Generated_Large_Library,all,O=C(Nc1ccc(F)cc1)c1cc(Cl)c(C(C)C)cc1,de1a384f,291.75,4.85,29.1,1,1,3,0.86,True,0
LIB_000945,Generated_Large_Library,all,O=C(Nc1ccc(Cl)cc1)c1cc(Cl)c(C(C)C)cc1,1a4d1962,308.21,5.37,29.1,1,1,3,0.811,False,1
LIB_000946,Generated_Large_Library,all,O=C(Nc1ccc(Br)cc1)c1cc(Cl)c(C(C)C)cc1,ee0173d8,352.66,5.48,29.1,1,1,3,0.779,False,1
LIB_000947,Generated_Large_Library,all,O=C(Nc1ccc(C)cc1)c1cc(Cl)c(C(C)C)cc1,f2de41bf,287.79,5.02,29.1,1,1,3,0.843,False,1
LIB_000948,Generated_Large_Library,all,O=C(Nc1ccc(CC)cc1)c1cc(Cl)c(C(C)C)cc1,5f7c35e7,301.82,5.28,29.1,1,1,4,0.818,False,1
LIB_000949,Generated_Large_Library,all,O=C(Nc1ccc(C(C)C)cc1)c1cc(Cl)c(C(C)C)cc1,3affeedf,315.84,5.84,29.1,1,1,4,0.754,False,1
LIB_000950,Generated_Large_Library,all,O=C(Nc1ccc(OC)cc1)c1cc(Cl)c(C(C)C)cc1,f0264495,303.79,4.72,38.33,1,2,4,0.887,True,0
LIB_000951,Generated_Large_Library,all,O=C(Nc1ccc(OCC)cc1)c1cc(Cl)c(C(C)C)cc1,4eace974,317.82,5.11,38.33,1,2,5,0.831,False,1
LIB_000952,Generated_Large_Library,all,O=C(Nc1ccc(C#N)cc1)c1cc(Cl)c(C(C)C)cc1,89329990,298.77,4.59,52.89,1,2,3,0.901,True,0
LIB_000953,Generated_Large_Library,all,O=C(Nc1ccc(C(F)(F)F)cc1)c1cc(Cl)c(C(C)C)cc1,352fef49,341.76,5.73,29.1,1,1,3,0.758,False,1
LIB_000954,Generated_Large_Library,all,O=C(Nc1ccc(S(=O)(=O)N)cc1)c1cc(Cl)c(C(C)C)cc1,b844b472,352.84,3.36,89.26,2,3,4,0.884,True,0
LIB_000955,Generated_Large_Library,all,O=C(Nc1ccc(N)cc1)c1cc(Cl)c(C(C)C)cc1,cc7312b4,288.78,4.3,55.12,2,2,3,0.828,True,0
LIB_000956,Generated_Large_Library,all,O=C(Nc1ccc(O)cc1)c1cc(Cl)c(C(C)C)cc1,88566447,289.76,4.42,49.33,2,2,3,0.822,True,0
LIB_000957,Generated_Large_Library,all,O=C(Nc1cc(F)c(Cl)cc1)c1cc(Cl)c(C(C)C)cc1,85122e61,326.2,5.51,29.1,1,1,3,0.792,False,1
LIB_000958,Generated_Large_Library,all,O=C(Nc1cc(F)c(Br)cc1)c1cc(Cl)c(C(C)C)cc1,f590e51f,370.65,5.62,29.1,1,1,3,0.746,False,1
LIB_000959,Generated_Large_Library,all,O=C(Nc1cc(F)c(C)cc1)c1cc(Cl)c(C(C)C)cc1,0ee23b61,305.78,5.16,29.1,1,1,3,0.833,False,1
LIB_000960,Generated_Large_Library,all,O=C(Nc1cc(F)c(CC)cc1)c1cc(Cl)c(C(C)C)cc1,3d1beb41,319.81,5.42,29.1,1,1,4,0.801,False,1
LIB_000961,Generated_Large_Library,all,O=C(Nc1cc(F)c(C(C)C)cc1)c1cc(Cl)c(C(C)C)cc1,00a45da4,333.83,5.98,29.1,1,1,4,0.732,False,1
LIB_000962,Generated_Large_Library,all,O=C(Nc1cc(F)c(OC)cc1)c1cc(Cl)c(C(C)C)cc1,e7d89b89,321.78,4.86,38.33,1,2,4,0.873,True,0
LIB_000963,Generated_Large_Library,all,O=C(Nc1cc(F)c(OCC)cc1)c1cc(Cl)c(C(C)C)cc1,52443f36,335.81,5.25,38.33,1,2,5,0.81,False,1
LIB_000964,Generated_Large_Library,all,O=C(Nc1cc(Cl)c(Br)cc1)c1cc(Cl)c(C(C)C)cc1,a9795d52,387.1,6.13,29.1,1,1,3,0.675,False,1
LIB_000965,Generated_Large_Library,all,O=C(Nc1cc(Cl)c(C)cc1)c1cc(Cl)c(C(C)C)cc1,49ffd787,322.24,5.68,29.1,1,1,3,0.774,False,1
LIB_000966,Generated_Large_Library,all,O=C(Nc1cc(Cl)c(CC)cc1)c1cc(Cl)c(C(C)C)cc1,33d5bb57,336.26,5.93,29.1,1,1,4,0.736,False,1
LIB_000967,Generated_Large_Library,all,O=C(Nc1cc(Cl)c(C(C)C)cc1)c1cc(Cl)c(C(C)C)cc1,4556cd68,350.29,6.49,29.1,1,1,4,0.671,False,1
LIB_000968,Generated_Large_Library,all,O=C(Nc1cc(Cl)c(OC)cc1)c1cc(Cl)c(C(C)C)cc1,8a4f2508,338.23,5.38,38.33,1,2,4,0.813,False,1
LIB_000969,Generated_Large_Library,all,O=C(Nc1cc(Cl)c(OCC)cc1)c1cc(Cl)c(C(C)C)cc1,e4192f19,352.26,5.77,38.33,1,2,5,0.742,False,1
LIB_000970,Generated_Large_Library,all,O=C(Nc1cc(Br)c(C)cc1)c1cc(Cl)c(C(C)C)cc1,3c1567a8,366.69,5.79,29.1,1,1,3,0.732,False,1
LIB_000971,Generated_Large_Library,all,O=C(Nc1cc(Br)c(CC)cc1)c1cc(Cl)c(C(C)C)cc1,b916ced2,380.71,6.04,29.1,1,1,4,0.688,False,1
LIB_000972,Generated_Large_Library,all,O=C(Nc1cc(Br)c(C(C)C)cc1)c1cc(Cl)c(C(C)C)cc1,7ca7b0bd,394.74,6.6,29.1,1,1,4,0.621,False,1
LIB_000973,Generated_Large_Library,all,O=C(Nc1cc(Br)c(OC)cc1)c1cc(Cl)c(C(C)C)cc1,4293aa80,382.69,5.49,38.33,1,2,4,0.759,False,1
LIB_000974,Generated_Large_Library,all,O=C(Nc1cc(Br)c(OCC)cc1)c1cc(Cl)c(C(C)C)cc1,73b589a3,396.71,5.88,38.33,1,2,5,0.685,False,1
LIB_000975,Generated_Large_Library,all,O=C(Nc1cc(C)c(CC)cc1)c1cc(Cl)c(C(C)C)cc1,fce42ea9,315.84,5.59,29.1,1,1,4,0.783,False,1
LIB_000976,Generated_Large_Library,all,O=C(Nc1cc(C)c(C(C)C)cc1)c1cc(Cl)c(C(C)C)cc1,83aa6a01,329.87,6.15,29.1,1,1,4,0.716,False,1
LIB_000977,Generated_Large_Library,all,O=C(Nc1cc(C)c(OC)cc1)c1cc(Cl)c(C(C)C)cc1,85c19ff6,317.82,5.03,38.33,1,2,4,0.858,False,1
LIB_000978,Generated_Large_Library,all,O=C(Nc1cc(C)c(OCC)cc1)c1cc(Cl)c(C(C)C)cc1,abeb1b7c,331.84,5.42,38.33,1,2,5,0.794,False,1
LIB_000979,Generated_Large_Library,all,O=C(Nc1cc(CC)c(C(C)C)cc1)c1cc(Cl)c(C(C)C)cc1,458abe96,343.9,6.4,29.1,1,1,5,0.668,False,1
LIB_000980,Generated_Large_Library,all,O=C(Nc1cc(CC)c(OC)cc1)c1cc(Cl)c(C(C)C)cc1,a27db28f,331.84,5.29,38.33,1,2,5,0.808,False,1
LIB_000981,Generated_Large_Library,all,O=C(Nc1cc(CC)c(OCC)cc1)c1cc(Cl)c(C(C)C)cc1,17d58a94,345.87,5.68,38.33,1,2,6,0.731,False,1
LIB_000982,Generated_Large_Library,all,O=C(Nc1cc(C(C)C)c(OC)cc1)c1cc(Cl)c(C(C)C)cc1,4a0b8111,345.87,5.85,38.33,1,2,5,0.738,False,1
LIB_000983,Generated_Large_Library,all,O=C(Nc1cc(C(C)C)c(OCC)cc1)c1cc(Cl)c(C(C)C)cc1,ff004e2f,359.9,6.24,38.33,1,2,6,0.663,False,1
LIB_000984,Generated_Large_Library,all,O=C(Nc1cc(OC)c(OCC)cc1)c1cc(Cl)c(C(C)C)cc1,db8aa8ef,347.84,5.12,47.56,1,3,6,0.788,False,1
LIB_000985,Generated_Large_Library,all,O=C(Nc1ccc(F)cc1)c1cc(Cl)c(OC)cc1,7bd0572f,279.7,3.74,38.33,1,2,3,0.929,True,0
LIB_000986,Generated_Large_Library,all,O=C(Nc1ccc(Cl)cc1)c1cc(Cl)c(OC)cc1,305ed24b,296.15,4.25,38.33,1,2,3,0.919,True,0
LIB_000987,Generated_Large_Library,all,O=C(Nc1ccc(Br)cc1)c1cc(Cl)c(OC)cc1,208da190,340.6,4.36,38.33,1,2,3,0.901,True,0
LIB_000988,Generated_Large_Library,all,O=C(Nc1ccc(C)cc1)c1cc(Cl)c(OC)cc1,acc492ca,275.73,3.91,38.33,1,2,3,0.922,True,0
LIB_000989,Generated_Large_Library,all,O=C(Nc1ccc(CC)cc1)c1cc(Cl)c(OC)cc1,c5edddf8,289.76,4.16,38.33,1,2,4,0.917,True,0
LIB_000990,Generated_Large_Library,all,O=C(Nc1ccc(C(C)C)cc1)c1cc(Cl)c(OC)cc1,f121140d,303.79,4.72,38.33,1,2,4,0.887,True,0
LIB_000991,Generated_Large_Library,all,O=C(Nc1ccc(OC)cc1)c1cc(Cl)c(OC)cc1,0e8306d4,291.73,3.61,47.56,1,3,4,0.936,True,0
LIB_000992,Generated_Large_Library,all,O=C(Nc1ccc(OCC)cc1)c1cc(Cl)c(OC)cc1,2d130c7f,305.76,4.0,47.56,1,3,5,0.908,True,0
LIB_000993,Generated_Large_Library,all,O=C(Nc1ccc(C#N)cc1)c1cc(Cl)c(OC)cc1,140ce951,286.72,3.47,62.12,1,3,3,0.939,True,0
LIB_000994,Generated_Large_Library,all,O=C(Nc1ccc(C(F)(F)F)cc1)c1cc(Cl)c(OC)cc1,de081507,329.71,4.62,38.33,1,2,3,0.892,True,0
LIB_000995,Generated_Large_Library,all,O=C(Nc1ccc(S(=O)(=O)N)cc1)c1cc(Cl)c(OC)cc1,ec78d3ad,340.79,2.25,98.49,2,4,4,0.891,True,0
LIB_000996,Generated_Large_Library,all,O=C(Nc1ccc(N)cc1)c1cc(Cl)c(OC)cc1,236664ae,276.72,3.18,64.35,2,3,3,0.846,True,0
LIB_000997,Generated_Large_Library,all,O=C(Nc1ccc(O)cc1)c1cc(Cl)c(OC)cc1,958604d4,277.71,3.31,58.56,2,3,3,0.846,True,0
LIB_000998,Generated_Large_Library,all,O=C(Nc1cc(F)c(Cl)cc1)c1cc(Cl)c(OC)cc1,20b10061,314.14,4.39,38.33,1,2,3,0.912,True,0
LIB_000999,Generated_Large_Library,all,O=C(Nc1cc(F)c(Br)cc1)c1cc(Cl)c(OC)cc1,0df4fa46,358.59,4.5,38.33,1,2,3,0.877,True,0
LIB_001000,Generated_Large_Library,all,O=C(Nc1cc(F)c(C)cc1)c1cc(Cl)c(OC)cc1,edc5424b,293.73,4.05,38.33,1,2,3,0.927,True,0
